id,firstname,lastname,email,email2,profession
100,Donetta,Even,Donetta.Even@yopmail.com,Donetta.Even@gmail.com,police officer
101,Lelah,Skell,Lelah.Skell@yopmail.com,Lelah.Skell@gmail.com,firefighter
102,Cacilie,Brodench,Cacilie.Brodench@yopmail.com,Cacilie.Brodench@gmail.com,worker
103,Giustina,Neva,Giustina.Neva@yopmail.com,Giustina.Neva@gmail.com,developer
104,Ariela,Marcellus,Ariela.Marcellus@yopmail.com,Ariela.Marcellus@gmail.com,developer
105,Berget,Zamora,Berget.Zamora@yopmail.com,Berget.Zamora@gmail.com,doctor
106,Kara-Lynn,Thornburg,Kara-Lynn.Thornburg@yopmail.com,Kara-Lynn.Thornburg@gmail.com,firefighter
107,Aimil,Carey,Aimil.Carey@yopmail.com,Aimil.Carey@gmail.com,police officer
108,Therine,Posner,Therine.Posner@yopmail.com,Therine.Posner@gmail.com,worker
109,Roz,Jammal,Roz.Jammal@yopmail.com,Roz.Jammal@gmail.com,police officer
110,Danny,Daegal,Danny.Daegal@yopmail.com,Danny.Daegal@gmail.com,worker
111,Etta,An,Etta.An@yopmail.com,Etta.An@gmail.com,worker
112,Jere,Odell,Jere.Odell@yopmail.com,Jere.Odell@gmail.com,police officer
113,Adore,Marcellus,Adore.Marcellus@yopmail.com,Adore.Marcellus@gmail.com,doctor
114,Marti,My,Marti.My@yopmail.com,Marti.My@gmail.com,worker
115,Roz,Prouty,Roz.Prouty@yopmail.com,Roz.Prouty@gmail.com,police officer
116,Jaclyn,Klemperer,Jaclyn.Klemperer@yopmail.com,Jaclyn.Klemperer@gmail.com,doctor
117,Lacie,Jacqui,Lacie.Jacqui@yopmail.com,Lacie.Jacqui@gmail.com,police officer
118,Danny,Judye,Danny.Judye@yopmail.com,Danny.Judye@gmail.com,developer
119,Lily,Ardra,Lily.Ardra@yopmail.com,Lily.Ardra@gmail.com,police officer
120,Harrietta,Gahl,Harrietta.Gahl@yopmail.com,Harrietta.Gahl@gmail.com,firefighter
121,Sam,Melony,Sam.Melony@yopmail.com,Sam.Melony@gmail.com,doctor
122,Madeleine,Fillbert,Madeleine.Fillbert@yopmail.com,Madeleine.Fillbert@gmail.com,worker
123,Korrie,Dash,Korrie.Dash@yopmail.com,Korrie.Dash@gmail.com,worker
124,Ruthe,An,Ruthe.An@yopmail.com,Ruthe.An@gmail.com,firefighter
125,Oona,Mehalek,Oona.Mehalek@yopmail.com,Oona.Mehalek@gmail.com,doctor
126,Ronna,Sophronia,Ronna.Sophronia@yopmail.com,Ronna.Sophronia@gmail.com,police officer
127,Amalie,Nerita,Amalie.Nerita@yopmail.com,Amalie.Nerita@gmail.com,firefighter
128,Isa,Mallon,Isa.Mallon@yopmail.com,Isa.Mallon@gmail.com,doctor
129,Annaliese,Juliet,Annaliese.Juliet@yopmail.com,Annaliese.Juliet@gmail.com,worker
130,Halette,Wilkinson,Halette.Wilkinson@yopmail.com,Halette.Wilkinson@gmail.com,firefighter
131,Suzette,Dorcy,Suzette.Dorcy@yopmail.com,Suzette.Dorcy@gmail.com,police officer
132,Ebonee,Gillan,Ebonee.Gillan@yopmail.com,Ebonee.Gillan@gmail.com,police officer
133,Clarice,Heisel,Clarice.Heisel@yopmail.com,Clarice.Heisel@gmail.com,worker
134,Bernie,Trace,Bernie.Trace@yopmail.com,Bernie.Trace@gmail.com,developer
135,Jere,McAdams,Jere.McAdams@yopmail.com,Jere.McAdams@gmail.com,police officer
136,Emelina,Masao,Emelina.Masao@yopmail.com,Emelina.Masao@gmail.com,doctor
137,Hermione,Lattie,Hermione.Lattie@yopmail.com,Hermione.Lattie@gmail.com,developer
138,Lauryn,Paine,Lauryn.Paine@yopmail.com,Lauryn.Paine@gmail.com,developer
139,Mariele,Honoria,Mariele.Honoria@yopmail.com,Mariele.Honoria@gmail.com,police officer
140,Gretal,Stelle,Gretal.Stelle@yopmail.com,Gretal.Stelle@gmail.com,worker
141,Siana,Nunci,Siana.Nunci@yopmail.com,Siana.Nunci@gmail.com,firefighter
142,Cam,Chrystel,Cam.Chrystel@yopmail.com,Cam.Chrystel@gmail.com,police officer
143,Lizzie,Doig,Lizzie.Doig@yopmail.com,Lizzie.Doig@gmail.com,developer
144,Dari,Marcellus,Dari.Marcellus@yopmail.com,Dari.Marcellus@gmail.com,doctor
145,Mureil,Morehouse,Mureil.Morehouse@yopmail.com,Mureil.Morehouse@gmail.com,worker
146,Catrina,Nadia,Catrina.Nadia@yopmail.com,Catrina.Nadia@gmail.com,developer
147,Marylou,Jena,Marylou.Jena@yopmail.com,Marylou.Jena@gmail.com,doctor
148,Helena,Malanie,Helena.Malanie@yopmail.com,Helena.Malanie@gmail.com,developer
149,Selia,Capello,Selia.Capello@yopmail.com,Selia.Capello@gmail.com,firefighter
150,Nerta,Simmonds,Nerta.Simmonds@yopmail.com,Nerta.Simmonds@gmail.com,developer
151,Chere,Greenwald,Chere.Greenwald@yopmail.com,Chere.Greenwald@gmail.com,firefighter
152,Henriette,Dowski,Henriette.Dowski@yopmail.com,Henriette.Dowski@gmail.com,police officer
153,Renae,Frodi,Renae.Frodi@yopmail.com,Renae.Frodi@gmail.com,firefighter
154,Dolli,Reinke,Dolli.Reinke@yopmail.com,Dolli.Reinke@gmail.com,doctor
155,Clementine,Honoria,Clementine.Honoria@yopmail.com,Clementine.Honoria@gmail.com,firefighter
156,Rozele,Imelida,Rozele.Imelida@yopmail.com,Rozele.Imelida@gmail.com,developer
157,Pamella,Darian,Pamella.Darian@yopmail.com,Pamella.Darian@gmail.com,firefighter
158,Pearline,Iiette,Pearline.Iiette@yopmail.com,Pearline.Iiette@gmail.com,police officer
159,Mureil,Anestassia,Mureil.Anestassia@yopmail.com,Mureil.Anestassia@gmail.com,doctor
160,Joy,Autrey,Joy.Autrey@yopmail.com,Joy.Autrey@gmail.com,worker
161,Mariele,Allare,Mariele.Allare@yopmail.com,Mariele.Allare@gmail.com,firefighter
162,Meg,Mayeda,Meg.Mayeda@yopmail.com,Meg.Mayeda@gmail.com,police officer
163,Christal,Talia,Christal.Talia@yopmail.com,Christal.Talia@gmail.com,police officer
164,Tani,Lumbard,Tani.Lumbard@yopmail.com,Tani.Lumbard@gmail.com,worker
165,Teriann,Wyn,Teriann.Wyn@yopmail.com,Teriann.Wyn@gmail.com,worker
166,Caressa,Brieta,Caressa.Brieta@yopmail.com,Caressa.Brieta@gmail.com,police officer
167,Mallory,Maisey,Mallory.Maisey@yopmail.com,Mallory.Maisey@gmail.com,police officer
168,Melanie,Howlyn,Melanie.Howlyn@yopmail.com,Melanie.Howlyn@gmail.com,firefighter
169,Patricia,Revkah,Patricia.Revkah@yopmail.com,Patricia.Revkah@gmail.com,firefighter
170,Ursulina,Billye,Ursulina.Billye@yopmail.com,Ursulina.Billye@gmail.com,developer
171,Merrie,Fancie,Merrie.Fancie@yopmail.com,Merrie.Fancie@gmail.com,developer
172,Kalina,Stav,Kalina.Stav@yopmail.com,Kalina.Stav@gmail.com,worker
173,Rosaline,Celestine,Rosaline.Celestine@yopmail.com,Rosaline.Celestine@gmail.com,firefighter
174,Tobe,Berne,Tobe.Berne@yopmail.com,Tobe.Berne@gmail.com,developer
175,Eugine,Lucienne,Eugine.Lucienne@yopmail.com,Eugine.Lucienne@gmail.com,firefighter
176,Wanda,Claudine,Wanda.Claudine@yopmail.com,Wanda.Claudine@gmail.com,worker
177,Imojean,Kussell,Imojean.Kussell@yopmail.com,Imojean.Kussell@gmail.com,worker
178,Jenilee,Eldrid,Jenilee.Eldrid@yopmail.com,Jenilee.Eldrid@gmail.com,firefighter
179,Shell,Thema,Shell.Thema@yopmail.com,Shell.Thema@gmail.com,worker
180,Lusa,Luhe,Lusa.Luhe@yopmail.com,Lusa.Luhe@gmail.com,firefighter
181,Iseabal,Faria,Iseabal.Faria@yopmail.com,Iseabal.Faria@gmail.com,firefighter
182,Jerry,Terrence,Jerry.Terrence@yopmail.com,Jerry.Terrence@gmail.com,worker
183,Georgetta,O'Neill,Georgetta.O'Neill@yopmail.com,Georgetta.O'Neill@gmail.com,police officer
184,Ayn,Lilas,Ayn.Lilas@yopmail.com,Ayn.Lilas@gmail.com,police officer
185,Gloria,Valoniah,Gloria.Valoniah@yopmail.com,Gloria.Valoniah@gmail.com,firefighter
186,Winny,Libna,Winny.Libna@yopmail.com,Winny.Libna@gmail.com,worker
187,Alameda,Roxanna,Alameda.Roxanna@yopmail.com,Alameda.Roxanna@gmail.com,doctor
188,Damaris,Tryck,Damaris.Tryck@yopmail.com,Damaris.Tryck@gmail.com,doctor
189,Sallie,Ashok,Sallie.Ashok@yopmail.com,Sallie.Ashok@gmail.com,developer
190,Margalo,Linskey,Margalo.Linskey@yopmail.com,Margalo.Linskey@gmail.com,firefighter
191,Jeanna,My,Jeanna.My@yopmail.com,Jeanna.My@gmail.com,police officer
192,Miquela,Lilas,Miquela.Lilas@yopmail.com,Miquela.Lilas@gmail.com,developer
193,Abbie,Sholley,Abbie.Sholley@yopmail.com,Abbie.Sholley@gmail.com,firefighter
194,Riannon,Fennessy,Riannon.Fennessy@yopmail.com,Riannon.Fennessy@gmail.com,firefighter
195,Felice,Si,Felice.Si@yopmail.com,Felice.Si@gmail.com,doctor
196,Tami,Shanley,Tami.Shanley@yopmail.com,Tami.Shanley@gmail.com,police officer
197,Tierney,Lilybelle,Tierney.Lilybelle@yopmail.com,Tierney.Lilybelle@gmail.com,police officer
198,Zaria,Land,Zaria.Land@yopmail.com,Zaria.Land@gmail.com,police officer
199,Beatriz,Cherianne,Beatriz.Cherianne@yopmail.com,Beatriz.Cherianne@gmail.com,worker
200,Leeanne,Chrystel,Leeanne.Chrystel@yopmail.com,Leeanne.Chrystel@gmail.com,worker
201,Bettine,Phaidra,Bettine.Phaidra@yopmail.com,Bettine.Phaidra@gmail.com,police officer
202,Lily,Kaja,Lily.Kaja@yopmail.com,Lily.Kaja@gmail.com,doctor
203,Dorthy,Byrne,Dorthy.Byrne@yopmail.com,Dorthy.Byrne@gmail.com,developer
204,Betta,Roxanna,Betta.Roxanna@yopmail.com,Betta.Roxanna@gmail.com,firefighter
205,Tiffie,Niccolo,Tiffie.Niccolo@yopmail.com,Tiffie.Niccolo@gmail.com,police officer
206,Arlina,Giule,Arlina.Giule@yopmail.com,Arlina.Giule@gmail.com,police officer
207,Kirbee,Ferrell,Kirbee.Ferrell@yopmail.com,Kirbee.Ferrell@gmail.com,worker
208,Flo,Atonsah,Flo.Atonsah@yopmail.com,Flo.Atonsah@gmail.com,police officer
209,Anthia,Amasa,Anthia.Amasa@yopmail.com,Anthia.Amasa@gmail.com,police officer
210,Randa,Lory,Randa.Lory@yopmail.com,Randa.Lory@gmail.com,police officer
211,Lusa,Bach,Lusa.Bach@yopmail.com,Lusa.Bach@gmail.com,doctor
212,Ericka,Damarra,Ericka.Damarra@yopmail.com,Ericka.Damarra@gmail.com,developer
213,Lorne,Dominy,Lorne.Dominy@yopmail.com,Lorne.Dominy@gmail.com,worker
214,Ernesta,Magnolia,Ernesta.Magnolia@yopmail.com,Ernesta.Magnolia@gmail.com,doctor
215,Rori,Alfons,Rori.Alfons@yopmail.com,Rori.Alfons@gmail.com,police officer
216,Jemie,Lenny,Jemie.Lenny@yopmail.com,Jemie.Lenny@gmail.com,doctor
217,Linet,Alva,Linet.Alva@yopmail.com,Linet.Alva@gmail.com,doctor
218,Libbie,Birdella,Libbie.Birdella@yopmail.com,Libbie.Birdella@gmail.com,police officer
219,Oralee,Pascia,Oralee.Pascia@yopmail.com,Oralee.Pascia@gmail.com,police officer
220,Dolli,Greenwald,Dolli.Greenwald@yopmail.com,Dolli.Greenwald@gmail.com,police officer
221,Nanete,Pearse,Nanete.Pearse@yopmail.com,Nanete.Pearse@gmail.com,police officer
222,Berta,Goode,Berta.Goode@yopmail.com,Berta.Goode@gmail.com,doctor
223,Jeanna,Lipson,Jeanna.Lipson@yopmail.com,Jeanna.Lipson@gmail.com,developer
224,Bee,Dex,Bee.Dex@yopmail.com,Bee.Dex@gmail.com,police officer
225,Dania,Trinetta,Dania.Trinetta@yopmail.com,Dania.Trinetta@gmail.com,police officer
226,Constance,Jalbert,Constance.Jalbert@yopmail.com,Constance.Jalbert@gmail.com,doctor
227,Larine,Helve,Larine.Helve@yopmail.com,Larine.Helve@gmail.com,developer
228,Priscilla,Clywd,Priscilla.Clywd@yopmail.com,Priscilla.Clywd@gmail.com,police officer
229,Augustine,Tremayne,Augustine.Tremayne@yopmail.com,Augustine.Tremayne@gmail.com,police officer
230,Karolina,Lalitta,Karolina.Lalitta@yopmail.com,Karolina.Lalitta@gmail.com,doctor
231,Shirlee,Lemuela,Shirlee.Lemuela@yopmail.com,Shirlee.Lemuela@gmail.com,firefighter
232,Cacilie,Kevon,Cacilie.Kevon@yopmail.com,Cacilie.Kevon@gmail.com,firefighter
233,Odessa,Pascia,Odessa.Pascia@yopmail.com,Odessa.Pascia@gmail.com,doctor
234,Sashenka,Sammons,Sashenka.Sammons@yopmail.com,Sashenka.Sammons@gmail.com,developer
235,Zaria,Latini,Zaria.Latini@yopmail.com,Zaria.Latini@gmail.com,worker
236,Amalie,Huggins,Amalie.Huggins@yopmail.com,Amalie.Huggins@gmail.com,developer
237,Ellette,Prouty,Ellette.Prouty@yopmail.com,Ellette.Prouty@gmail.com,police officer
238,Paola,Gherardo,Paola.Gherardo@yopmail.com,Paola.Gherardo@gmail.com,developer
239,Vevay,Wind,Vevay.Wind@yopmail.com,Vevay.Wind@gmail.com,police officer
240,Kamilah,Hubert,Kamilah.Hubert@yopmail.com,Kamilah.Hubert@gmail.com,worker
241,Margalo,Zina,Margalo.Zina@yopmail.com,Margalo.Zina@gmail.com,developer
242,Agathe,Colleen,Agathe.Colleen@yopmail.com,Agathe.Colleen@gmail.com,worker
243,Gabi,Ledah,Gabi.Ledah@yopmail.com,Gabi.Ledah@gmail.com,developer
244,Tera,Lipson,Tera.Lipson@yopmail.com,Tera.Lipson@gmail.com,doctor
245,Leeanne,Blisse,Leeanne.Blisse@yopmail.com,Leeanne.Blisse@gmail.com,developer
246,Roz,Boehike,Roz.Boehike@yopmail.com,Roz.Boehike@gmail.com,police officer
247,Ann-Marie,Jena,Ann-Marie.Jena@yopmail.com,Ann-Marie.Jena@gmail.com,police officer
248,Chere,Cloris,Chere.Cloris@yopmail.com,Chere.Cloris@gmail.com,firefighter
249,Molli,Pyle,Molli.Pyle@yopmail.com,Molli.Pyle@gmail.com,worker
250,Petronia,Natica,Petronia.Natica@yopmail.com,Petronia.Natica@gmail.com,doctor
251,Dacia,Salchunas,Dacia.Salchunas@yopmail.com,Dacia.Salchunas@gmail.com,doctor
252,Randa,Pandolfi,Randa.Pandolfi@yopmail.com,Randa.Pandolfi@gmail.com,worker
253,Aigneis,Schroth,Aigneis.Schroth@yopmail.com,Aigneis.Schroth@gmail.com,worker
254,Rani,Craggie,Rani.Craggie@yopmail.com,Rani.Craggie@gmail.com,firefighter
255,Larine,Haymes,Larine.Haymes@yopmail.com,Larine.Haymes@gmail.com,worker
256,Donnie,Lynn,Donnie.Lynn@yopmail.com,Donnie.Lynn@gmail.com,developer
257,Tami,Wilkinson,Tami.Wilkinson@yopmail.com,Tami.Wilkinson@gmail.com,doctor
258,Flo,Lewes,Flo.Lewes@yopmail.com,Flo.Lewes@gmail.com,police officer
259,Emylee,Abbot,Emylee.Abbot@yopmail.com,Emylee.Abbot@gmail.com,worker
260,Lolita,Marden,Lolita.Marden@yopmail.com,Lolita.Marden@gmail.com,police officer
261,Bobbi,Yate,Bobbi.Yate@yopmail.com,Bobbi.Yate@gmail.com,developer
262,Rhoda,Ellerey,Rhoda.Ellerey@yopmail.com,Rhoda.Ellerey@gmail.com,worker
263,Cassandra,Alabaster,Cassandra.Alabaster@yopmail.com,Cassandra.Alabaster@gmail.com,developer
264,Mallory,Olin,Mallory.Olin@yopmail.com,Mallory.Olin@gmail.com,police officer
265,Sallie,Leopold,Sallie.Leopold@yopmail.com,Sallie.Leopold@gmail.com,developer
266,Krystle,Albertine,Krystle.Albertine@yopmail.com,Krystle.Albertine@gmail.com,firefighter
267,Peri,Wenoa,Peri.Wenoa@yopmail.com,Peri.Wenoa@gmail.com,police officer
268,Lynnea,Pernick,Lynnea.Pernick@yopmail.com,Lynnea.Pernick@gmail.com,doctor
269,Clary,Maisey,Clary.Maisey@yopmail.com,Clary.Maisey@gmail.com,police officer
270,Pollyanna,Waite,Pollyanna.Waite@yopmail.com,Pollyanna.Waite@gmail.com,worker
271,Mady,Nester,Mady.Nester@yopmail.com,Mady.Nester@gmail.com,doctor
272,Veda,Ball,Veda.Ball@yopmail.com,Veda.Ball@gmail.com,worker
273,Merle,Cristi,Merle.Cristi@yopmail.com,Merle.Cristi@gmail.com,doctor
274,Briney,Evvie,Briney.Evvie@yopmail.com,Briney.Evvie@gmail.com,worker
275,Hettie,Land,Hettie.Land@yopmail.com,Hettie.Land@gmail.com,firefighter
276,Hettie,Mozelle,Hettie.Mozelle@yopmail.com,Hettie.Mozelle@gmail.com,worker
277,Philis,Codding,Philis.Codding@yopmail.com,Philis.Codding@gmail.com,developer
278,Tani,Lorenz,Tani.Lorenz@yopmail.com,Tani.Lorenz@gmail.com,developer
279,Chloris,Iiette,Chloris.Iiette@yopmail.com,Chloris.Iiette@gmail.com,doctor
280,Madeleine,Hoban,Madeleine.Hoban@yopmail.com,Madeleine.Hoban@gmail.com,firefighter
281,Vivia,Croix,Vivia.Croix@yopmail.com,Vivia.Croix@gmail.com,police officer
282,Raina,Kimmie,Raina.Kimmie@yopmail.com,Raina.Kimmie@gmail.com,firefighter
283,Bobinette,Ariella,Bobinette.Ariella@yopmail.com,Bobinette.Ariella@gmail.com,doctor
284,Sarette,Garek,Sarette.Garek@yopmail.com,Sarette.Garek@gmail.com,firefighter
285,Carol-Jean,Pearse,Carol-Jean.Pearse@yopmail.com,Carol-Jean.Pearse@gmail.com,firefighter
286,Inga,Creamer,Inga.Creamer@yopmail.com,Inga.Creamer@gmail.com,doctor
287,Peri,Aloise,Peri.Aloise@yopmail.com,Peri.Aloise@gmail.com,police officer
288,Roberta,Munn,Roberta.Munn@yopmail.com,Roberta.Munn@gmail.com,doctor
289,Celene,Pulsifer,Celene.Pulsifer@yopmail.com,Celene.Pulsifer@gmail.com,developer
290,Kamilah,Giule,Kamilah.Giule@yopmail.com,Kamilah.Giule@gmail.com,police officer
291,Renie,Aurelio,Renie.Aurelio@yopmail.com,Renie.Aurelio@gmail.com,police officer
292,Charissa,Brady,Charissa.Brady@yopmail.com,Charissa.Brady@gmail.com,doctor
293,Arlena,Fontana,Arlena.Fontana@yopmail.com,Arlena.Fontana@gmail.com,worker
294,Bertine,Stover,Bertine.Stover@yopmail.com,Bertine.Stover@gmail.com,police officer
295,Di,Mayeda,Di.Mayeda@yopmail.com,Di.Mayeda@gmail.com,developer
296,Paulita,Bury,Paulita.Bury@yopmail.com,Paulita.Bury@gmail.com,doctor
297,Corry,Shirberg,Corry.Shirberg@yopmail.com,Corry.Shirberg@gmail.com,police officer
298,Jenilee,Santoro,Jenilee.Santoro@yopmail.com,Jenilee.Santoro@gmail.com,police officer
299,Wileen,Sibyls,Wileen.Sibyls@yopmail.com,Wileen.Sibyls@gmail.com,worker
300,Roseline,Anastatius,Roseline.Anastatius@yopmail.com,Roseline.Anastatius@gmail.com,police officer
301,Winifred,Lynn,Winifred.Lynn@yopmail.com,Winifred.Lynn@gmail.com,worker
302,Lizzie,Yuille,Lizzie.Yuille@yopmail.com,Lizzie.Yuille@gmail.com,worker
303,Cherrita,Fairweather,Cherrita.Fairweather@yopmail.com,Cherrita.Fairweather@gmail.com,worker
304,Glynnis,Pauly,Glynnis.Pauly@yopmail.com,Glynnis.Pauly@gmail.com,police officer
305,Leontine,Timon,Leontine.Timon@yopmail.com,Leontine.Timon@gmail.com,police officer
306,Cathyleen,Harriman,Cathyleen.Harriman@yopmail.com,Cathyleen.Harriman@gmail.com,doctor
307,Blondelle,Tayib,Blondelle.Tayib@yopmail.com,Blondelle.Tayib@gmail.com,developer
308,Melina,Luhe,Melina.Luhe@yopmail.com,Melina.Luhe@gmail.com,worker
309,Damaris,Kaete,Damaris.Kaete@yopmail.com,Damaris.Kaete@gmail.com,police officer
310,Dede,Pettiford,Dede.Pettiford@yopmail.com,Dede.Pettiford@gmail.com,developer
311,Chrystel,Ahab,Chrystel.Ahab@yopmail.com,Chrystel.Ahab@gmail.com,firefighter
312,Carly,Devlen,Carly.Devlen@yopmail.com,Carly.Devlen@gmail.com,firefighter
313,Glenda,Robertson,Glenda.Robertson@yopmail.com,Glenda.Robertson@gmail.com,doctor
314,Lita,Medrek,Lita.Medrek@yopmail.com,Lita.Medrek@gmail.com,firefighter
315,Evita,MacIntosh,Evita.MacIntosh@yopmail.com,Evita.MacIntosh@gmail.com,developer
316,Donetta,Breed,Donetta.Breed@yopmail.com,Donetta.Breed@gmail.com,police officer
317,Minne,Swigart,Minne.Swigart@yopmail.com,Minne.Swigart@gmail.com,developer
318,Siana,Pozzy,Siana.Pozzy@yopmail.com,Siana.Pozzy@gmail.com,worker
319,Chloris,Sheng,Chloris.Sheng@yopmail.com,Chloris.Sheng@gmail.com,firefighter
320,Mallory,Marijo,Mallory.Marijo@yopmail.com,Mallory.Marijo@gmail.com,developer
321,Arabel,Bow,Arabel.Bow@yopmail.com,Arabel.Bow@gmail.com,developer
322,Mady,Khorma,Mady.Khorma@yopmail.com,Mady.Khorma@gmail.com,developer
323,Evita,Gilmour,Evita.Gilmour@yopmail.com,Evita.Gilmour@gmail.com,police officer
324,Kayla,Hanshaw,Kayla.Hanshaw@yopmail.com,Kayla.Hanshaw@gmail.com,developer
325,Yvonne,Tjon,Yvonne.Tjon@yopmail.com,Yvonne.Tjon@gmail.com,firefighter
326,Annaliese,Howlyn,Annaliese.Howlyn@yopmail.com,Annaliese.Howlyn@gmail.com,firefighter
327,Melodie,Smitt,Melodie.Smitt@yopmail.com,Melodie.Smitt@gmail.com,developer
328,Florencia,Edmund,Florencia.Edmund@yopmail.com,Florencia.Edmund@gmail.com,developer
329,Norine,Calhoun,Norine.Calhoun@yopmail.com,Norine.Calhoun@gmail.com,police officer
330,Ada,Nunci,Ada.Nunci@yopmail.com,Ada.Nunci@gmail.com,firefighter
331,Dorice,Friede,Dorice.Friede@yopmail.com,Dorice.Friede@gmail.com,worker
332,Mamie,Nadia,Mamie.Nadia@yopmail.com,Mamie.Nadia@gmail.com,doctor
333,Dyann,Borrell,Dyann.Borrell@yopmail.com,Dyann.Borrell@gmail.com,firefighter
334,Bettine,Agle,Bettine.Agle@yopmail.com,Bettine.Agle@gmail.com,police officer
335,Delilah,Tayib,Delilah.Tayib@yopmail.com,Delilah.Tayib@gmail.com,police officer
336,Jsandye,Hedve,Jsandye.Hedve@yopmail.com,Jsandye.Hedve@gmail.com,police officer
337,Oralee,Rogerio,Oralee.Rogerio@yopmail.com,Oralee.Rogerio@gmail.com,police officer
338,Damaris,Kolnick,Damaris.Kolnick@yopmail.com,Damaris.Kolnick@gmail.com,doctor
339,Violet,Latini,Violet.Latini@yopmail.com,Violet.Latini@gmail.com,doctor
340,Riannon,Rhu,Riannon.Rhu@yopmail.com,Riannon.Rhu@gmail.com,police officer
341,Nanete,Holbrook,Nanete.Holbrook@yopmail.com,Nanete.Holbrook@gmail.com,police officer
342,Liana,Bergman,Liana.Bergman@yopmail.com,Liana.Bergman@gmail.com,worker
343,Catrina,Ellerey,Catrina.Ellerey@yopmail.com,Catrina.Ellerey@gmail.com,police officer
344,Andeee,Sekofski,Andeee.Sekofski@yopmail.com,Andeee.Sekofski@gmail.com,police officer
345,Ketti,Devlen,Ketti.Devlen@yopmail.com,Ketti.Devlen@gmail.com,firefighter
346,Carmela,Ciro,Carmela.Ciro@yopmail.com,Carmela.Ciro@gmail.com,police officer
347,Petronia,Llovera,Petronia.Llovera@yopmail.com,Petronia.Llovera@gmail.com,police officer
348,Marylou,Pillsbury,Marylou.Pillsbury@yopmail.com,Marylou.Pillsbury@gmail.com,doctor
349,Clo,Lay,Clo.Lay@yopmail.com,Clo.Lay@gmail.com,developer
350,Carlie,Erich,Carlie.Erich@yopmail.com,Carlie.Erich@gmail.com,firefighter
351,Melina,Mike,Melina.Mike@yopmail.com,Melina.Mike@gmail.com,police officer
352,Gloria,Doig,Gloria.Doig@yopmail.com,Gloria.Doig@gmail.com,developer
353,Corly,Tiffa,Corly.Tiffa@yopmail.com,Corly.Tiffa@gmail.com,doctor
354,Yolane,Vilma,Yolane.Vilma@yopmail.com,Yolane.Vilma@gmail.com,worker
355,Alameda,Gower,Alameda.Gower@yopmail.com,Alameda.Gower@gmail.com,worker
356,Sue,Hoban,Sue.Hoban@yopmail.com,Sue.Hoban@gmail.com,police officer
357,Berta,Ahab,Berta.Ahab@yopmail.com,Berta.Ahab@gmail.com,doctor
358,Ekaterina,Zeeba,Ekaterina.Zeeba@yopmail.com,Ekaterina.Zeeba@gmail.com,police officer
359,Tami,Himelman,Tami.Himelman@yopmail.com,Tami.Himelman@gmail.com,worker
360,Willetta,Cornelia,Willetta.Cornelia@yopmail.com,Willetta.Cornelia@gmail.com,police officer
361,Ayn,Weitman,Ayn.Weitman@yopmail.com,Ayn.Weitman@gmail.com,worker
362,Alex,Thema,Alex.Thema@yopmail.com,Alex.Thema@gmail.com,doctor
363,Trudie,Chrystel,Trudie.Chrystel@yopmail.com,Trudie.Chrystel@gmail.com,firefighter
364,Dale,Lanita,Dale.Lanita@yopmail.com,Dale.Lanita@gmail.com,developer
365,Bill,Ashely,Bill.Ashely@yopmail.com,Bill.Ashely@gmail.com,worker
366,Claresta,Marcellus,Claresta.Marcellus@yopmail.com,Claresta.Marcellus@gmail.com,firefighter
367,Brana,Oster,Brana.Oster@yopmail.com,Brana.Oster@gmail.com,developer
368,Diena,Shama,Diena.Shama@yopmail.com,Diena.Shama@gmail.com,police officer
369,Wendi,Adalbert,Wendi.Adalbert@yopmail.com,Wendi.Adalbert@gmail.com,firefighter
370,Maryellen,Lalitta,Maryellen.Lalitta@yopmail.com,Maryellen.Lalitta@gmail.com,police officer
371,Kenna,Lanita,Kenna.Lanita@yopmail.com,Kenna.Lanita@gmail.com,doctor
372,Marline,Hanleigh,Marline.Hanleigh@yopmail.com,Marline.Hanleigh@gmail.com,doctor
373,Ninnetta,Monk,Ninnetta.Monk@yopmail.com,Ninnetta.Monk@gmail.com,firefighter
374,Jorry,Pernick,Jorry.Pernick@yopmail.com,Jorry.Pernick@gmail.com,police officer
375,Bernardine,Minetta,Bernardine.Minetta@yopmail.com,Bernardine.Minetta@gmail.com,developer
376,Cordi,Ludewig,Cordi.Ludewig@yopmail.com,Cordi.Ludewig@gmail.com,police officer
377,Elsie,Eno,Elsie.Eno@yopmail.com,Elsie.Eno@gmail.com,doctor
378,June,Trace,June.Trace@yopmail.com,June.Trace@gmail.com,worker
379,Calla,Lutero,Calla.Lutero@yopmail.com,Calla.Lutero@gmail.com,doctor
380,Teddie,Kiersten,Teddie.Kiersten@yopmail.com,Teddie.Kiersten@gmail.com,firefighter
381,Hyacinthe,Gilmour,Hyacinthe.Gilmour@yopmail.com,Hyacinthe.Gilmour@gmail.com,doctor
382,Ketti,Ethban,Ketti.Ethban@yopmail.com,Ketti.Ethban@gmail.com,police officer
383,Kimmy,Moina,Kimmy.Moina@yopmail.com,Kimmy.Moina@gmail.com,firefighter
384,Pollyanna,Phyllis,Pollyanna.Phyllis@yopmail.com,Pollyanna.Phyllis@gmail.com,doctor
385,Marti,Presber,Marti.Presber@yopmail.com,Marti.Presber@gmail.com,doctor
386,Violet,Pierette,Violet.Pierette@yopmail.com,Violet.Pierette@gmail.com,firefighter
387,Lusa,Kamaria,Lusa.Kamaria@yopmail.com,Lusa.Kamaria@gmail.com,firefighter
388,Johna,Scammon,Johna.Scammon@yopmail.com,Johna.Scammon@gmail.com,developer
389,Ronna,Justinn,Ronna.Justinn@yopmail.com,Ronna.Justinn@gmail.com,worker
390,Jany,Loleta,Jany.Loleta@yopmail.com,Jany.Loleta@gmail.com,police officer
391,Genevra,Margret,Genevra.Margret@yopmail.com,Genevra.Margret@gmail.com,worker
392,Ezmeralda,Heisel,Ezmeralda.Heisel@yopmail.com,Ezmeralda.Heisel@gmail.com,worker
393,Lory,Esmaria,Lory.Esmaria@yopmail.com,Lory.Esmaria@gmail.com,police officer
394,Tilly,Edison,Tilly.Edison@yopmail.com,Tilly.Edison@gmail.com,firefighter
395,Ronna,Loring,Ronna.Loring@yopmail.com,Ronna.Loring@gmail.com,doctor
396,Nyssa,Lanita,Nyssa.Lanita@yopmail.com,Nyssa.Lanita@gmail.com,worker
397,Kathi,Toor,Kathi.Toor@yopmail.com,Kathi.Toor@gmail.com,doctor
398,Lanna,Gillan,Lanna.Gillan@yopmail.com,Lanna.Gillan@gmail.com,worker
399,Gratia,Karl,Gratia.Karl@yopmail.com,Gratia.Karl@gmail.com,developer
400,Raquela,Lipson,Raquela.Lipson@yopmail.com,Raquela.Lipson@gmail.com,doctor
401,Bettine,Paine,Bettine.Paine@yopmail.com,Bettine.Paine@gmail.com,police officer
402,Stacey,Raffo,Stacey.Raffo@yopmail.com,Stacey.Raffo@gmail.com,firefighter
403,Devina,Guthrie,Devina.Guthrie@yopmail.com,Devina.Guthrie@gmail.com,worker
404,Jere,Roumell,Jere.Roumell@yopmail.com,Jere.Roumell@gmail.com,firefighter
405,Dacia,Breed,Dacia.Breed@yopmail.com,Dacia.Breed@gmail.com,doctor
406,Emmey,Erb,Emmey.Erb@yopmail.com,Emmey.Erb@gmail.com,police officer
407,Selma,Azeria,Selma.Azeria@yopmail.com,Selma.Azeria@gmail.com,police officer
408,Ardenia,Johnsson,Ardenia.Johnsson@yopmail.com,Ardenia.Johnsson@gmail.com,developer
409,Sissy,Linskey,Sissy.Linskey@yopmail.com,Sissy.Linskey@gmail.com,firefighter
410,Nita,Mata,Nita.Mata@yopmail.com,Nita.Mata@gmail.com,worker
411,Liana,Seumas,Liana.Seumas@yopmail.com,Liana.Seumas@gmail.com,worker
412,Shirlee,Knowling,Shirlee.Knowling@yopmail.com,Shirlee.Knowling@gmail.com,doctor
413,Addia,Brittani,Addia.Brittani@yopmail.com,Addia.Brittani@gmail.com,police officer
414,Thalia,Baudin,Thalia.Baudin@yopmail.com,Thalia.Baudin@gmail.com,developer
415,Lauryn,Madaih,Lauryn.Madaih@yopmail.com,Lauryn.Madaih@gmail.com,worker
416,Esmeralda,Dreda,Esmeralda.Dreda@yopmail.com,Esmeralda.Dreda@gmail.com,doctor
417,Tabbatha,Hunfredo,Tabbatha.Hunfredo@yopmail.com,Tabbatha.Hunfredo@gmail.com,police officer
418,Phedra,Jacobah,Phedra.Jacobah@yopmail.com,Phedra.Jacobah@gmail.com,developer
419,Wynne,Belldas,Wynne.Belldas@yopmail.com,Wynne.Belldas@gmail.com,firefighter
420,Elise,Reinke,Elise.Reinke@yopmail.com,Elise.Reinke@gmail.com,doctor
421,Harmonia,Madelene,Harmonia.Madelene@yopmail.com,Harmonia.Madelene@gmail.com,worker
422,Ricky,Bobbee,Ricky.Bobbee@yopmail.com,Ricky.Bobbee@gmail.com,developer
423,Kittie,Odell,Kittie.Odell@yopmail.com,Kittie.Odell@gmail.com,police officer
424,Fernande,Eckblad,Fernande.Eckblad@yopmail.com,Fernande.Eckblad@gmail.com,developer
425,Allis,Lynn,Allis.Lynn@yopmail.com,Allis.Lynn@gmail.com,police officer
426,Marika,Armanda,Marika.Armanda@yopmail.com,Marika.Armanda@gmail.com,police officer
427,Caritta,Aloise,Caritta.Aloise@yopmail.com,Caritta.Aloise@gmail.com,worker
428,Pearline,Lorenz,Pearline.Lorenz@yopmail.com,Pearline.Lorenz@gmail.com,police officer
429,Claudina,Sparhawk,Claudina.Sparhawk@yopmail.com,Claudina.Sparhawk@gmail.com,doctor
430,Heida,Casimir,Heida.Casimir@yopmail.com,Heida.Casimir@gmail.com,doctor
431,Sharlene,Dorine,Sharlene.Dorine@yopmail.com,Sharlene.Dorine@gmail.com,worker
432,Aimil,Pierette,Aimil.Pierette@yopmail.com,Aimil.Pierette@gmail.com,police officer
433,Christian,Philipp,Christian.Philipp@yopmail.com,Christian.Philipp@gmail.com,firefighter
434,Lolita,Naashom,Lolita.Naashom@yopmail.com,Lolita.Naashom@gmail.com,doctor
435,Melanie,Bergman,Melanie.Bergman@yopmail.com,Melanie.Bergman@gmail.com,worker
436,Willetta,Buttaro,Willetta.Buttaro@yopmail.com,Willetta.Buttaro@gmail.com,worker
437,Sandie,Ilka,Sandie.Ilka@yopmail.com,Sandie.Ilka@gmail.com,developer
438,Sophia,Poll,Sophia.Poll@yopmail.com,Sophia.Poll@gmail.com,doctor
439,Beth,Dudley,Beth.Dudley@yopmail.com,Beth.Dudley@gmail.com,doctor
440,Jennica,Screens,Jennica.Screens@yopmail.com,Jennica.Screens@gmail.com,firefighter
441,Nanete,Annice,Nanete.Annice@yopmail.com,Nanete.Annice@gmail.com,doctor
442,Adele,Zenas,Adele.Zenas@yopmail.com,Adele.Zenas@gmail.com,firefighter
443,Celisse,Isidore,Celisse.Isidore@yopmail.com,Celisse.Isidore@gmail.com,doctor
444,Florie,Edison,Florie.Edison@yopmail.com,Florie.Edison@gmail.com,developer
445,Amara,Forrer,Amara.Forrer@yopmail.com,Amara.Forrer@gmail.com,doctor
446,Sibella,Halla,Sibella.Halla@yopmail.com,Sibella.Halla@gmail.com,police officer
447,Keelia,Daveta,Keelia.Daveta@yopmail.com,Keelia.Daveta@gmail.com,police officer
448,Kerrin,Dunkin,Kerrin.Dunkin@yopmail.com,Kerrin.Dunkin@gmail.com,worker
449,Kaia,Chem,Kaia.Chem@yopmail.com,Kaia.Chem@gmail.com,doctor
450,Kaja,Kirstin,Kaja.Kirstin@yopmail.com,Kaja.Kirstin@gmail.com,police officer
451,Karena,Azeria,Karena.Azeria@yopmail.com,Karena.Azeria@gmail.com,doctor
452,Hayley,Karna,Hayley.Karna@yopmail.com,Hayley.Karna@gmail.com,developer
453,Gilda,Adore,Gilda.Adore@yopmail.com,Gilda.Adore@gmail.com,developer
454,Dotty,Alabaster,Dotty.Alabaster@yopmail.com,Dotty.Alabaster@gmail.com,doctor
455,Fidelia,Corrine,Fidelia.Corrine@yopmail.com,Fidelia.Corrine@gmail.com,worker
456,Nyssa,Freddi,Nyssa.Freddi@yopmail.com,Nyssa.Freddi@gmail.com,firefighter
457,Flo,Hieronymus,Flo.Hieronymus@yopmail.com,Flo.Hieronymus@gmail.com,worker
458,Beth,Allina,Beth.Allina@yopmail.com,Beth.Allina@gmail.com,firefighter
459,Cassondra,Wyn,Cassondra.Wyn@yopmail.com,Cassondra.Wyn@gmail.com,worker
460,Sean,Vernier,Sean.Vernier@yopmail.com,Sean.Vernier@gmail.com,firefighter
461,Suzette,Argus,Suzette.Argus@yopmail.com,Suzette.Argus@gmail.com,firefighter
462,Kamilah,Avi,Kamilah.Avi@yopmail.com,Kamilah.Avi@gmail.com,developer
463,Linzy,Lenny,Linzy.Lenny@yopmail.com,Linzy.Lenny@gmail.com,police officer
464,Kerrin,Nester,Kerrin.Nester@yopmail.com,Kerrin.Nester@gmail.com,police officer
465,Deloria,Wittie,Deloria.Wittie@yopmail.com,Deloria.Wittie@gmail.com,developer
466,Gusty,Atcliffe,Gusty.Atcliffe@yopmail.com,Gusty.Atcliffe@gmail.com,developer
467,Corene,Marcellus,Corene.Marcellus@yopmail.com,Corene.Marcellus@gmail.com,worker
468,Suzette,Earlie,Suzette.Earlie@yopmail.com,Suzette.Earlie@gmail.com,police officer
469,Cassondra,Stover,Cassondra.Stover@yopmail.com,Cassondra.Stover@gmail.com,worker
470,Aurelie,Manolo,Aurelie.Manolo@yopmail.com,Aurelie.Manolo@gmail.com,police officer
471,Alisha,Hepsibah,Alisha.Hepsibah@yopmail.com,Alisha.Hepsibah@gmail.com,worker
472,Blondelle,Dearborn,Blondelle.Dearborn@yopmail.com,Blondelle.Dearborn@gmail.com,police officer
473,Dorothy,Zitvaa,Dorothy.Zitvaa@yopmail.com,Dorothy.Zitvaa@gmail.com,police officer
474,Georgetta,Alarise,Georgetta.Alarise@yopmail.com,Georgetta.Alarise@gmail.com,firefighter
475,Marinna,Cath,Marinna.Cath@yopmail.com,Marinna.Cath@gmail.com,doctor
476,Tarra,Haldas,Tarra.Haldas@yopmail.com,Tarra.Haldas@gmail.com,firefighter
477,Iseabal,Soneson,Iseabal.Soneson@yopmail.com,Iseabal.Soneson@gmail.com,police officer
478,Rebeca,Ackerley,Rebeca.Ackerley@yopmail.com,Rebeca.Ackerley@gmail.com,worker
479,Silvana,Destinee,Silvana.Destinee@yopmail.com,Silvana.Destinee@gmail.com,developer
480,Dagmar,Flyn,Dagmar.Flyn@yopmail.com,Dagmar.Flyn@gmail.com,doctor
481,Ernesta,Talia,Ernesta.Talia@yopmail.com,Ernesta.Talia@gmail.com,firefighter
482,Ana,Korey,Ana.Korey@yopmail.com,Ana.Korey@gmail.com,doctor
483,Babita,McNully,Babita.McNully@yopmail.com,Babita.McNully@gmail.com,doctor
484,Olwen,Kellby,Olwen.Kellby@yopmail.com,Olwen.Kellby@gmail.com,developer
485,Kalina,Carvey,Kalina.Carvey@yopmail.com,Kalina.Carvey@gmail.com,doctor
486,Lynnea,Bashemeth,Lynnea.Bashemeth@yopmail.com,Lynnea.Bashemeth@gmail.com,police officer
487,Melisent,Klotz,Melisent.Klotz@yopmail.com,Melisent.Klotz@gmail.com,developer
488,Lelah,Hourigan,Lelah.Hourigan@yopmail.com,Lelah.Hourigan@gmail.com,police officer
489,Donnie,Marcellus,Donnie.Marcellus@yopmail.com,Donnie.Marcellus@gmail.com,worker
490,Tobe,Koziara,Tobe.Koziara@yopmail.com,Tobe.Koziara@gmail.com,firefighter
491,Paulita,Libna,Paulita.Libna@yopmail.com,Paulita.Libna@gmail.com,doctor
492,Katleen,Yoko,Katleen.Yoko@yopmail.com,Katleen.Yoko@gmail.com,doctor
493,Bee,Karylin,Bee.Karylin@yopmail.com,Bee.Karylin@gmail.com,firefighter
494,Lesly,Mayeda,Lesly.Mayeda@yopmail.com,Lesly.Mayeda@gmail.com,firefighter
495,Feliza,Kirbee,Feliza.Kirbee@yopmail.com,Feliza.Kirbee@gmail.com,police officer
496,Annora,Lesley,Annora.Lesley@yopmail.com,Annora.Lesley@gmail.com,doctor
497,Deloria,Hanshaw,Deloria.Hanshaw@yopmail.com,Deloria.Hanshaw@gmail.com,worker
498,Frank,Roarke,Frank.Roarke@yopmail.com,Frank.Roarke@gmail.com,firefighter
499,Jackie,Bonilla,Jackie.Bonilla@yopmail.com,Jackie.Bonilla@gmail.com,police officer
500,Dawn,Sandye,Dawn.Sandye@yopmail.com,Dawn.Sandye@gmail.com,police officer
501,Courtnay,Ellord,Courtnay.Ellord@yopmail.com,Courtnay.Ellord@gmail.com,developer
502,Lorie,Simmonds,Lorie.Simmonds@yopmail.com,Lorie.Simmonds@gmail.com,developer
503,Marsiella,Infield,Marsiella.Infield@yopmail.com,Marsiella.Infield@gmail.com,doctor
504,Caressa,Eliathas,Caressa.Eliathas@yopmail.com,Caressa.Eliathas@gmail.com,developer
505,Helena,Vharat,Helena.Vharat@yopmail.com,Helena.Vharat@gmail.com,worker
506,Ursulina,Harriman,Ursulina.Harriman@yopmail.com,Ursulina.Harriman@gmail.com,doctor
507,Sibella,Rozanna,Sibella.Rozanna@yopmail.com,Sibella.Rozanna@gmail.com,worker
508,Amelia,Uird,Amelia.Uird@yopmail.com,Amelia.Uird@gmail.com,doctor
509,Christal,Leffen,Christal.Leffen@yopmail.com,Christal.Leffen@gmail.com,police officer
510,Dulcinea,Greyson,Dulcinea.Greyson@yopmail.com,Dulcinea.Greyson@gmail.com,doctor
511,Tobe,Gerge,Tobe.Gerge@yopmail.com,Tobe.Gerge@gmail.com,worker
512,Myriam,Melan,Myriam.Melan@yopmail.com,Myriam.Melan@gmail.com,developer
513,Robbi,Connelly,Robbi.Connelly@yopmail.com,Robbi.Connelly@gmail.com,worker
514,Elsie,Hourigan,Elsie.Hourigan@yopmail.com,Elsie.Hourigan@gmail.com,doctor
515,Yvonne,Lattie,Yvonne.Lattie@yopmail.com,Yvonne.Lattie@gmail.com,police officer
516,Lolita,Chabot,Lolita.Chabot@yopmail.com,Lolita.Chabot@gmail.com,police officer
517,Norine,Danby,Norine.Danby@yopmail.com,Norine.Danby@gmail.com,firefighter
518,Charissa,Zeeba,Charissa.Zeeba@yopmail.com,Charissa.Zeeba@gmail.com,police officer
519,Brana,Lorain,Brana.Lorain@yopmail.com,Brana.Lorain@gmail.com,police officer
520,Lita,Killigrew,Lita.Killigrew@yopmail.com,Lita.Killigrew@gmail.com,police officer
521,Katharina,Voletta,Katharina.Voletta@yopmail.com,Katharina.Voletta@gmail.com,police officer
522,Hildegaard,Pond,Hildegaard.Pond@yopmail.com,Hildegaard.Pond@gmail.com,developer
523,Gusty,Pelagias,Gusty.Pelagias@yopmail.com,Gusty.Pelagias@gmail.com,worker
524,Cissiee,Cadmar,Cissiee.Cadmar@yopmail.com,Cissiee.Cadmar@gmail.com,firefighter
525,Ebonee,Lymann,Ebonee.Lymann@yopmail.com,Ebonee.Lymann@gmail.com,doctor
526,Elora,Birdella,Elora.Birdella@yopmail.com,Elora.Birdella@gmail.com,doctor
527,Albertina,Boehike,Albertina.Boehike@yopmail.com,Albertina.Boehike@gmail.com,developer
528,Stephanie,Lindemann,Stephanie.Lindemann@yopmail.com,Stephanie.Lindemann@gmail.com,worker
529,Angela,Docilla,Angela.Docilla@yopmail.com,Angela.Docilla@gmail.com,developer
530,Rori,Genna,Rori.Genna@yopmail.com,Rori.Genna@gmail.com,developer
531,Brianna,Astra,Brianna.Astra@yopmail.com,Brianna.Astra@gmail.com,developer
532,Wileen,Eachern,Wileen.Eachern@yopmail.com,Wileen.Eachern@gmail.com,developer
533,Emmey,Lamoree,Emmey.Lamoree@yopmail.com,Emmey.Lamoree@gmail.com,police officer
534,Cyndie,Margarete,Cyndie.Margarete@yopmail.com,Cyndie.Margarete@gmail.com,developer
535,Nicoli,Secrest,Nicoli.Secrest@yopmail.com,Nicoli.Secrest@gmail.com,worker
536,Bobbi,Ranjiv,Bobbi.Ranjiv@yopmail.com,Bobbi.Ranjiv@gmail.com,worker
537,Leontine,Dowski,Leontine.Dowski@yopmail.com,Leontine.Dowski@gmail.com,doctor
538,Vita,Henebry,Vita.Henebry@yopmail.com,Vita.Henebry@gmail.com,firefighter
539,Dale,Ilka,Dale.Ilka@yopmail.com,Dale.Ilka@gmail.com,police officer
540,Andeee,Fleeta,Andeee.Fleeta@yopmail.com,Andeee.Fleeta@gmail.com,doctor
541,Dode,Sparhawk,Dode.Sparhawk@yopmail.com,Dode.Sparhawk@gmail.com,developer
542,Lisette,Weinreb,Lisette.Weinreb@yopmail.com,Lisette.Weinreb@gmail.com,firefighter
543,Nicoli,Zeeba,Nicoli.Zeeba@yopmail.com,Nicoli.Zeeba@gmail.com,developer
544,Melodie,Borrell,Melodie.Borrell@yopmail.com,Melodie.Borrell@gmail.com,developer
545,Karena,Sammons,Karena.Sammons@yopmail.com,Karena.Sammons@gmail.com,doctor
546,Fayre,Vernier,Fayre.Vernier@yopmail.com,Fayre.Vernier@gmail.com,developer
547,Roslyn,Ortrude,Roslyn.Ortrude@yopmail.com,Roslyn.Ortrude@gmail.com,worker
548,Lexine,Pernick,Lexine.Pernick@yopmail.com,Lexine.Pernick@gmail.com,firefighter
549,Jobi,Engdahl,Jobi.Engdahl@yopmail.com,Jobi.Engdahl@gmail.com,worker
550,Catharine,Zina,Catharine.Zina@yopmail.com,Catharine.Zina@gmail.com,worker
551,Cecile,Bivins,Cecile.Bivins@yopmail.com,Cecile.Bivins@gmail.com,worker
552,Dione,Presber,Dione.Presber@yopmail.com,Dione.Presber@gmail.com,firefighter
553,Oralee,Bohlin,Oralee.Bohlin@yopmail.com,Oralee.Bohlin@gmail.com,police officer
554,Candy,Sikorski,Candy.Sikorski@yopmail.com,Candy.Sikorski@gmail.com,firefighter
555,Sadie,Weitman,Sadie.Weitman@yopmail.com,Sadie.Weitman@gmail.com,police officer
556,Phedra,Amasa,Phedra.Amasa@yopmail.com,Phedra.Amasa@gmail.com,police officer
557,Selma,Weitman,Selma.Weitman@yopmail.com,Selma.Weitman@gmail.com,doctor
558,Jsandye,Suk,Jsandye.Suk@yopmail.com,Jsandye.Suk@gmail.com,firefighter
559,Codie,Slifka,Codie.Slifka@yopmail.com,Codie.Slifka@gmail.com,worker
560,Amara,Wareing,Amara.Wareing@yopmail.com,Amara.Wareing@gmail.com,doctor
561,Moyna,Cynar,Moyna.Cynar@yopmail.com,Moyna.Cynar@gmail.com,developer
562,Aeriela,Ailyn,Aeriela.Ailyn@yopmail.com,Aeriela.Ailyn@gmail.com,firefighter
563,Mildrid,Orelee,Mildrid.Orelee@yopmail.com,Mildrid.Orelee@gmail.com,doctor
564,Wanda,Durware,Wanda.Durware@yopmail.com,Wanda.Durware@gmail.com,developer
565,Melanie,Flita,Melanie.Flita@yopmail.com,Melanie.Flita@gmail.com,firefighter
566,Constance,Ilka,Constance.Ilka@yopmail.com,Constance.Ilka@gmail.com,worker
567,Michaelina,Corabella,Michaelina.Corabella@yopmail.com,Michaelina.Corabella@gmail.com,worker
568,Tilly,Lamoree,Tilly.Lamoree@yopmail.com,Tilly.Lamoree@gmail.com,developer
569,Patricia,Lane,Patricia.Lane@yopmail.com,Patricia.Lane@gmail.com,doctor
570,Tamqrah,Lesley,Tamqrah.Lesley@yopmail.com,Tamqrah.Lesley@gmail.com,developer
571,Edyth,Swanhildas,Edyth.Swanhildas@yopmail.com,Edyth.Swanhildas@gmail.com,firefighter
572,Babita,Olin,Babita.Olin@yopmail.com,Babita.Olin@gmail.com,worker
573,Jenilee,Baudin,Jenilee.Baudin@yopmail.com,Jenilee.Baudin@gmail.com,firefighter
574,Chrystel,Randene,Chrystel.Randene@yopmail.com,Chrystel.Randene@gmail.com,firefighter
575,Carol-Jean,Vacuva,Carol-Jean.Vacuva@yopmail.com,Carol-Jean.Vacuva@gmail.com,firefighter
576,Helsa,Creamer,Helsa.Creamer@yopmail.com,Helsa.Creamer@gmail.com,developer
577,Nicoli,Silvan,Nicoli.Silvan@yopmail.com,Nicoli.Silvan@gmail.com,worker
578,Caressa,Donoghue,Caressa.Donoghue@yopmail.com,Caressa.Donoghue@gmail.com,police officer
579,Cordi,Love,Cordi.Love@yopmail.com,Cordi.Love@gmail.com,police officer
580,Tracey,Blake,Tracey.Blake@yopmail.com,Tracey.Blake@gmail.com,doctor
581,Taffy,Tufts,Taffy.Tufts@yopmail.com,Taffy.Tufts@gmail.com,firefighter
582,Marguerite,Pulsifer,Marguerite.Pulsifer@yopmail.com,Marguerite.Pulsifer@gmail.com,worker
583,Selma,Hoban,Selma.Hoban@yopmail.com,Selma.Hoban@gmail.com,worker
584,Florie,Buffum,Florie.Buffum@yopmail.com,Florie.Buffum@gmail.com,firefighter
585,Kimmy,Fulmer,Kimmy.Fulmer@yopmail.com,Kimmy.Fulmer@gmail.com,firefighter
586,Laurene,Olnee,Laurene.Olnee@yopmail.com,Laurene.Olnee@gmail.com,firefighter
587,Chandra,Gregrory,Chandra.Gregrory@yopmail.com,Chandra.Gregrory@gmail.com,police officer
588,Philis,Narton,Philis.Narton@yopmail.com,Philis.Narton@gmail.com,doctor
589,Barbara,Schenck,Barbara.Schenck@yopmail.com,Barbara.Schenck@gmail.com,firefighter
590,Evaleen,Wattenberg,Evaleen.Wattenberg@yopmail.com,Evaleen.Wattenberg@gmail.com,firefighter
591,Priscilla,Merat,Priscilla.Merat@yopmail.com,Priscilla.Merat@gmail.com,developer
592,Cathie,Claudine,Cathie.Claudine@yopmail.com,Cathie.Claudine@gmail.com,worker
593,Elbertina,Libna,Elbertina.Libna@yopmail.com,Elbertina.Libna@gmail.com,worker
594,Ardeen,Sammons,Ardeen.Sammons@yopmail.com,Ardeen.Sammons@gmail.com,doctor
595,Sherrie,Sprage,Sherrie.Sprage@yopmail.com,Sherrie.Sprage@gmail.com,firefighter
596,Barbara,Brady,Barbara.Brady@yopmail.com,Barbara.Brady@gmail.com,developer
597,Emmey,Felizio,Emmey.Felizio@yopmail.com,Emmey.Felizio@gmail.com,worker
598,Nessie,Therine,Nessie.Therine@yopmail.com,Nessie.Therine@gmail.com,police officer
599,Hayley,Estella,Hayley.Estella@yopmail.com,Hayley.Estella@gmail.com,firefighter
600,Jessamyn,Stacy,Jessamyn.Stacy@yopmail.com,Jessamyn.Stacy@gmail.com,firefighter
601,Selma,Carri,Selma.Carri@yopmail.com,Selma.Carri@gmail.com,police officer
602,Deedee,Chick,Deedee.Chick@yopmail.com,Deedee.Chick@gmail.com,doctor
603,Willetta,Dannye,Willetta.Dannye@yopmail.com,Willetta.Dannye@gmail.com,developer
604,Nananne,Knowling,Nananne.Knowling@yopmail.com,Nananne.Knowling@gmail.com,firefighter
605,Corly,Etom,Corly.Etom@yopmail.com,Corly.Etom@gmail.com,doctor
606,Cam,Raul,Cam.Raul@yopmail.com,Cam.Raul@gmail.com,worker
607,Fredericka,Karylin,Fredericka.Karylin@yopmail.com,Fredericka.Karylin@gmail.com,developer
608,Rosene,Pacorro,Rosene.Pacorro@yopmail.com,Rosene.Pacorro@gmail.com,firefighter
609,Lonnie,Carri,Lonnie.Carri@yopmail.com,Lonnie.Carri@gmail.com,police officer
610,Aaren,Mich,Aaren.Mich@yopmail.com,Aaren.Mich@gmail.com,developer
611,Justinn,Ader,Justinn.Ader@yopmail.com,Justinn.Ader@gmail.com,developer
612,Oona,Eldrid,Oona.Eldrid@yopmail.com,Oona.Eldrid@gmail.com,developer
613,Carolina,Trey,Carolina.Trey@yopmail.com,Carolina.Trey@gmail.com,worker
614,Clary,Schalles,Clary.Schalles@yopmail.com,Clary.Schalles@gmail.com,developer
615,Fanny,Sundin,Fanny.Sundin@yopmail.com,Fanny.Sundin@gmail.com,worker
616,Jerry,Mathilde,Jerry.Mathilde@yopmail.com,Jerry.Mathilde@gmail.com,police officer
617,Glynnis,Merna,Glynnis.Merna@yopmail.com,Glynnis.Merna@gmail.com,firefighter
618,Daune,Elo,Daune.Elo@yopmail.com,Daune.Elo@gmail.com,worker
619,Cassondra,Gaal,Cassondra.Gaal@yopmail.com,Cassondra.Gaal@gmail.com,police officer
620,Fanchon,Dichy,Fanchon.Dichy@yopmail.com,Fanchon.Dichy@gmail.com,doctor
621,Shandie,Skurnik,Shandie.Skurnik@yopmail.com,Shandie.Skurnik@gmail.com,firefighter
622,Queenie,Maisey,Queenie.Maisey@yopmail.com,Queenie.Maisey@gmail.com,police officer
623,Kara-Lynn,Firmin,Kara-Lynn.Firmin@yopmail.com,Kara-Lynn.Firmin@gmail.com,police officer
624,Valeda,Tomasina,Valeda.Tomasina@yopmail.com,Valeda.Tomasina@gmail.com,firefighter
625,Zaria,Fontana,Zaria.Fontana@yopmail.com,Zaria.Fontana@gmail.com,firefighter
626,Gilligan,Poppy,Gilligan.Poppy@yopmail.com,Gilligan.Poppy@gmail.com,worker
627,Darlleen,Sherrie,Darlleen.Sherrie@yopmail.com,Darlleen.Sherrie@gmail.com,worker
628,Averyl,Kress,Averyl.Kress@yopmail.com,Averyl.Kress@gmail.com,developer
629,Marjie,Lytton,Marjie.Lytton@yopmail.com,Marjie.Lytton@gmail.com,doctor
630,Liana,Hartnett,Liana.Hartnett@yopmail.com,Liana.Hartnett@gmail.com,firefighter
631,Giustina,Gaal,Giustina.Gaal@yopmail.com,Giustina.Gaal@gmail.com,doctor
632,Kristan,Garbe,Kristan.Garbe@yopmail.com,Kristan.Garbe@gmail.com,worker
633,Vinita,Socha,Vinita.Socha@yopmail.com,Vinita.Socha@gmail.com,firefighter
634,Karena,Garbe,Karena.Garbe@yopmail.com,Karena.Garbe@gmail.com,doctor
635,Ariela,Corabella,Ariela.Corabella@yopmail.com,Ariela.Corabella@gmail.com,police officer
636,Jasmina,Maisey,Jasmina.Maisey@yopmail.com,Jasmina.Maisey@gmail.com,developer
637,Chere,Bryna,Chere.Bryna@yopmail.com,Chere.Bryna@gmail.com,firefighter
638,Chere,Palocz,Chere.Palocz@yopmail.com,Chere.Palocz@gmail.com,police officer
639,Fayre,Nedrud,Fayre.Nedrud@yopmail.com,Fayre.Nedrud@gmail.com,police officer
640,Kassey,Grayce,Kassey.Grayce@yopmail.com,Kassey.Grayce@gmail.com,firefighter
641,Sarette,LaRue,Sarette.LaRue@yopmail.com,Sarette.LaRue@gmail.com,worker
642,Vevay,Middleton,Vevay.Middleton@yopmail.com,Vevay.Middleton@gmail.com,doctor
643,Mildrid,Amethist,Mildrid.Amethist@yopmail.com,Mildrid.Amethist@gmail.com,police officer
644,Thalia,Sprage,Thalia.Sprage@yopmail.com,Thalia.Sprage@gmail.com,worker
645,Elora,Alfons,Elora.Alfons@yopmail.com,Elora.Alfons@gmail.com,doctor
646,Jinny,An,Jinny.An@yopmail.com,Jinny.An@gmail.com,worker
647,Olivette,Emerson,Olivette.Emerson@yopmail.com,Olivette.Emerson@gmail.com,worker
648,Pollyanna,Lumbard,Pollyanna.Lumbard@yopmail.com,Pollyanna.Lumbard@gmail.com,worker
649,Belinda,Brodench,Belinda.Brodench@yopmail.com,Belinda.Brodench@gmail.com,firefighter
650,Margette,Rodmann,Margette.Rodmann@yopmail.com,Margette.Rodmann@gmail.com,worker
651,Aryn,Kevon,Aryn.Kevon@yopmail.com,Aryn.Kevon@gmail.com,firefighter
652,Magdalena,Ulphia,Magdalena.Ulphia@yopmail.com,Magdalena.Ulphia@gmail.com,worker
653,Viki,Allare,Viki.Allare@yopmail.com,Viki.Allare@gmail.com,worker
654,Alyda,Persse,Alyda.Persse@yopmail.com,Alyda.Persse@gmail.com,police officer
655,Dacia,Malanie,Dacia.Malanie@yopmail.com,Dacia.Malanie@gmail.com,worker
656,Dulcinea,Shuler,Dulcinea.Shuler@yopmail.com,Dulcinea.Shuler@gmail.com,developer
657,Bobbi,Sandye,Bobbi.Sandye@yopmail.com,Bobbi.Sandye@gmail.com,worker
658,Philis,Faust,Philis.Faust@yopmail.com,Philis.Faust@gmail.com,firefighter
659,Alie,Baudin,Alie.Baudin@yopmail.com,Alie.Baudin@gmail.com,firefighter
660,Carol-Jean,Kannry,Carol-Jean.Kannry@yopmail.com,Carol-Jean.Kannry@gmail.com,doctor
661,Max,Dreda,Max.Dreda@yopmail.com,Max.Dreda@gmail.com,doctor
662,Evaleen,Alcott,Evaleen.Alcott@yopmail.com,Evaleen.Alcott@gmail.com,firefighter
663,Courtnay,Lia,Courtnay.Lia@yopmail.com,Courtnay.Lia@gmail.com,developer
664,Johna,Travax,Johna.Travax@yopmail.com,Johna.Travax@gmail.com,worker
665,Jacquetta,Llovera,Jacquetta.Llovera@yopmail.com,Jacquetta.Llovera@gmail.com,police officer
666,Ingrid,Ventre,Ingrid.Ventre@yopmail.com,Ingrid.Ventre@gmail.com,firefighter
667,Tracey,Hachmin,Tracey.Hachmin@yopmail.com,Tracey.Hachmin@gmail.com,doctor
668,Roberta,Briney,Roberta.Briney@yopmail.com,Roberta.Briney@gmail.com,worker
669,Lolita,Nance,Lolita.Nance@yopmail.com,Lolita.Nance@gmail.com,police officer
670,Imojean,Kiyoshi,Imojean.Kiyoshi@yopmail.com,Imojean.Kiyoshi@gmail.com,police officer
671,Suzette,Grosz,Suzette.Grosz@yopmail.com,Suzette.Grosz@gmail.com,police officer
672,Roxane,Marden,Roxane.Marden@yopmail.com,Roxane.Marden@gmail.com,worker
673,Lorenza,Donoghue,Lorenza.Donoghue@yopmail.com,Lorenza.Donoghue@gmail.com,firefighter
674,Layla,Meli,Layla.Meli@yopmail.com,Layla.Meli@gmail.com,police officer
675,Christal,Erlandson,Christal.Erlandson@yopmail.com,Christal.Erlandson@gmail.com,police officer
676,Elise,Glenden,Elise.Glenden@yopmail.com,Elise.Glenden@gmail.com,doctor
677,Jerry,McLaughlin,Jerry.McLaughlin@yopmail.com,Jerry.McLaughlin@gmail.com,worker
678,Kore,Daveta,Kore.Daveta@yopmail.com,Kore.Daveta@gmail.com,doctor
679,Peri,Penelopa,Peri.Penelopa@yopmail.com,Peri.Penelopa@gmail.com,worker
680,Agnese,Euridice,Agnese.Euridice@yopmail.com,Agnese.Euridice@gmail.com,worker
681,Johna,Federica,Johna.Federica@yopmail.com,Johna.Federica@gmail.com,developer
682,Mahalia,Thornburg,Mahalia.Thornburg@yopmail.com,Mahalia.Thornburg@gmail.com,doctor
683,Micheline,Tristram,Micheline.Tristram@yopmail.com,Micheline.Tristram@gmail.com,developer
684,Emylee,Delp,Emylee.Delp@yopmail.com,Emylee.Delp@gmail.com,firefighter
685,Danny,Jalbert,Danny.Jalbert@yopmail.com,Danny.Jalbert@gmail.com,police officer
686,Queenie,Bohlin,Queenie.Bohlin@yopmail.com,Queenie.Bohlin@gmail.com,firefighter
687,Miquela,Ietta,Miquela.Ietta@yopmail.com,Miquela.Ietta@gmail.com,police officer
688,Carilyn,Honoria,Carilyn.Honoria@yopmail.com,Carilyn.Honoria@gmail.com,firefighter
689,Genovera,Duwalt,Genovera.Duwalt@yopmail.com,Genovera.Duwalt@gmail.com,worker
690,Bobbi,Schwejda,Bobbi.Schwejda@yopmail.com,Bobbi.Schwejda@gmail.com,developer
691,Bibby,Amand,Bibby.Amand@yopmail.com,Bibby.Amand@gmail.com,firefighter
692,Latisha,Lay,Latisha.Lay@yopmail.com,Latisha.Lay@gmail.com,police officer
693,Glenda,Whittaker,Glenda.Whittaker@yopmail.com,Glenda.Whittaker@gmail.com,police officer
694,Carlie,Huggins,Carlie.Huggins@yopmail.com,Carlie.Huggins@gmail.com,doctor
695,Kary,Morehouse,Kary.Morehouse@yopmail.com,Kary.Morehouse@gmail.com,police officer
696,Edee,Sammons,Edee.Sammons@yopmail.com,Edee.Sammons@gmail.com,firefighter
697,Jean,Matthew,Jean.Matthew@yopmail.com,Jean.Matthew@gmail.com,doctor
698,Marsiella,Primalia,Marsiella.Primalia@yopmail.com,Marsiella.Primalia@gmail.com,doctor
699,Jaclyn,Hourigan,Jaclyn.Hourigan@yopmail.com,Jaclyn.Hourigan@gmail.com,developer
700,Alisha,Lewes,Alisha.Lewes@yopmail.com,Alisha.Lewes@gmail.com,police officer
701,Marcy,Gualtiero,Marcy.Gualtiero@yopmail.com,Marcy.Gualtiero@gmail.com,developer
702,Ardeen,Scammon,Ardeen.Scammon@yopmail.com,Ardeen.Scammon@gmail.com,developer
703,Merle,Skell,Merle.Skell@yopmail.com,Merle.Skell@gmail.com,developer
704,Moyna,Torray,Moyna.Torray@yopmail.com,Moyna.Torray@gmail.com,worker
705,Aryn,Euridice,Aryn.Euridice@yopmail.com,Aryn.Euridice@gmail.com,worker
706,Mireielle,Baudin,Mireielle.Baudin@yopmail.com,Mireielle.Baudin@gmail.com,police officer
707,Willetta,Swigart,Willetta.Swigart@yopmail.com,Willetta.Swigart@gmail.com,worker
708,Charlena,Fairweather,Charlena.Fairweather@yopmail.com,Charlena.Fairweather@gmail.com,firefighter
709,Angela,Soneson,Angela.Soneson@yopmail.com,Angela.Soneson@gmail.com,doctor
710,Rhea,Valoniah,Rhea.Valoniah@yopmail.com,Rhea.Valoniah@gmail.com,doctor
711,Kary,Bohlin,Kary.Bohlin@yopmail.com,Kary.Bohlin@gmail.com,doctor
712,Ninnetta,Justinn,Ninnetta.Justinn@yopmail.com,Ninnetta.Justinn@gmail.com,worker
713,Orelia,Lauraine,Orelia.Lauraine@yopmail.com,Orelia.Lauraine@gmail.com,developer
714,Bettine,Bach,Bettine.Bach@yopmail.com,Bettine.Bach@gmail.com,firefighter
715,Marti,Brady,Marti.Brady@yopmail.com,Marti.Brady@gmail.com,developer
716,Tersina,Christal,Tersina.Christal@yopmail.com,Tersina.Christal@gmail.com,firefighter
717,Kenna,Mullane,Kenna.Mullane@yopmail.com,Kenna.Mullane@gmail.com,doctor
718,Loree,Sundin,Loree.Sundin@yopmail.com,Loree.Sundin@gmail.com,worker
719,Meg,Olnee,Meg.Olnee@yopmail.com,Meg.Olnee@gmail.com,worker
720,Andeee,Sigfrid,Andeee.Sigfrid@yopmail.com,Andeee.Sigfrid@gmail.com,firefighter
721,Dulcinea,Edee,Dulcinea.Edee@yopmail.com,Dulcinea.Edee@gmail.com,doctor
722,Nataline,Horan,Nataline.Horan@yopmail.com,Nataline.Horan@gmail.com,firefighter
723,Sallie,Granoff,Sallie.Granoff@yopmail.com,Sallie.Granoff@gmail.com,firefighter
724,Lolita,Lumbard,Lolita.Lumbard@yopmail.com,Lolita.Lumbard@gmail.com,developer
725,Anestassia,Sabella,Anestassia.Sabella@yopmail.com,Anestassia.Sabella@gmail.com,police officer
726,Dorothy,Khorma,Dorothy.Khorma@yopmail.com,Dorothy.Khorma@gmail.com,police officer
727,Genevra,Rheingold,Genevra.Rheingold@yopmail.com,Genevra.Rheingold@gmail.com,firefighter
728,Sara-Ann,Latini,Sara-Ann.Latini@yopmail.com,Sara-Ann.Latini@gmail.com,worker
729,Halette,Thad,Halette.Thad@yopmail.com,Halette.Thad@gmail.com,doctor
730,Ardys,Brandice,Ardys.Brandice@yopmail.com,Ardys.Brandice@gmail.com,developer
731,Sheelagh,Zenas,Sheelagh.Zenas@yopmail.com,Sheelagh.Zenas@gmail.com,developer
732,Dione,Michella,Dione.Michella@yopmail.com,Dione.Michella@gmail.com,doctor
733,Lynea,Lamoree,Lynea.Lamoree@yopmail.com,Lynea.Lamoree@gmail.com,firefighter
734,Rani,Knowling,Rani.Knowling@yopmail.com,Rani.Knowling@gmail.com,doctor
735,Marti,Lay,Marti.Lay@yopmail.com,Marti.Lay@gmail.com,worker
736,Evita,Hilbert,Evita.Hilbert@yopmail.com,Evita.Hilbert@gmail.com,police officer
737,Karolina,Weinreb,Karolina.Weinreb@yopmail.com,Karolina.Weinreb@gmail.com,developer
738,Fina,Nance,Fina.Nance@yopmail.com,Fina.Nance@gmail.com,firefighter
739,Arabel,Kathie,Arabel.Kathie@yopmail.com,Arabel.Kathie@gmail.com,worker
740,Elie,Riva,Elie.Riva@yopmail.com,Elie.Riva@gmail.com,police officer
741,Bee,Nunci,Bee.Nunci@yopmail.com,Bee.Nunci@gmail.com,doctor
742,Jaime,Santoro,Jaime.Santoro@yopmail.com,Jaime.Santoro@gmail.com,police officer
743,Clementine,Clie,Clementine.Clie@yopmail.com,Clementine.Clie@gmail.com,doctor
744,Ardeen,Nickola,Ardeen.Nickola@yopmail.com,Ardeen.Nickola@gmail.com,developer
745,Clarice,Trey,Clarice.Trey@yopmail.com,Clarice.Trey@gmail.com,firefighter
746,Aimil,Yusuk,Aimil.Yusuk@yopmail.com,Aimil.Yusuk@gmail.com,developer
747,Kalina,Kimmie,Kalina.Kimmie@yopmail.com,Kalina.Kimmie@gmail.com,police officer
748,Annecorinne,Presber,Annecorinne.Presber@yopmail.com,Annecorinne.Presber@gmail.com,worker
749,Winny,Velick,Winny.Velick@yopmail.com,Winny.Velick@gmail.com,firefighter
750,Ernesta,Hoenack,Ernesta.Hoenack@yopmail.com,Ernesta.Hoenack@gmail.com,worker
751,Barbara,Love,Barbara.Love@yopmail.com,Barbara.Love@gmail.com,firefighter
752,Joy,Marden,Joy.Marden@yopmail.com,Joy.Marden@gmail.com,developer
753,Fidelia,Breed,Fidelia.Breed@yopmail.com,Fidelia.Breed@gmail.com,doctor
754,Modestia,Poll,Modestia.Poll@yopmail.com,Modestia.Poll@gmail.com,developer
755,Danny,Carmena,Danny.Carmena@yopmail.com,Danny.Carmena@gmail.com,doctor
756,Jasmina,Capello,Jasmina.Capello@yopmail.com,Jasmina.Capello@gmail.com,worker
757,Lulita,Norrie,Lulita.Norrie@yopmail.com,Lulita.Norrie@gmail.com,police officer
758,Concettina,Felizio,Concettina.Felizio@yopmail.com,Concettina.Felizio@gmail.com,firefighter
759,Asia,Hillel,Asia.Hillel@yopmail.com,Asia.Hillel@gmail.com,developer
760,Miquela,Turne,Miquela.Turne@yopmail.com,Miquela.Turne@gmail.com,firefighter
761,Caryl,Brian,Caryl.Brian@yopmail.com,Caryl.Brian@gmail.com,firefighter
762,Sean,Katrine,Sean.Katrine@yopmail.com,Sean.Katrine@gmail.com,police officer
763,Ninnetta,Revkah,Ninnetta.Revkah@yopmail.com,Ninnetta.Revkah@gmail.com,developer
764,Sheelagh,Artie,Sheelagh.Artie@yopmail.com,Sheelagh.Artie@gmail.com,worker
765,Stephanie,Francene,Stephanie.Francene@yopmail.com,Stephanie.Francene@gmail.com,doctor
766,Di,Zina,Di.Zina@yopmail.com,Di.Zina@gmail.com,worker
767,Genovera,Ashely,Genovera.Ashely@yopmail.com,Genovera.Ashely@gmail.com,developer
768,Stacey,Grimbly,Stacey.Grimbly@yopmail.com,Stacey.Grimbly@gmail.com,worker
769,Fred,Amethist,Fred.Amethist@yopmail.com,Fred.Amethist@gmail.com,firefighter
770,Goldie,Korey,Goldie.Korey@yopmail.com,Goldie.Korey@gmail.com,doctor
771,Barbi,Bouchard,Barbi.Bouchard@yopmail.com,Barbi.Bouchard@gmail.com,doctor
772,Goldie,Sundin,Goldie.Sundin@yopmail.com,Goldie.Sundin@gmail.com,doctor
773,Karina,Albertine,Karina.Albertine@yopmail.com,Karina.Albertine@gmail.com,firefighter
774,Frances,Elvyn,Frances.Elvyn@yopmail.com,Frances.Elvyn@gmail.com,worker
775,Chandra,Zeeba,Chandra.Zeeba@yopmail.com,Chandra.Zeeba@gmail.com,firefighter
776,Paulita,Cressida,Paulita.Cressida@yopmail.com,Paulita.Cressida@gmail.com,police officer
777,Roberta,Othilia,Roberta.Othilia@yopmail.com,Roberta.Othilia@gmail.com,worker
778,Luci,Emerson,Luci.Emerson@yopmail.com,Luci.Emerson@gmail.com,worker
779,Elmira,Hamil,Elmira.Hamil@yopmail.com,Elmira.Hamil@gmail.com,doctor
780,Andeee,Heisel,Andeee.Heisel@yopmail.com,Andeee.Heisel@gmail.com,developer
781,Dagmar,Leifeste,Dagmar.Leifeste@yopmail.com,Dagmar.Leifeste@gmail.com,firefighter
782,Neila,Janith,Neila.Janith@yopmail.com,Neila.Janith@gmail.com,firefighter
783,Jany,Abernon,Jany.Abernon@yopmail.com,Jany.Abernon@gmail.com,worker
784,Petronia,Leopold,Petronia.Leopold@yopmail.com,Petronia.Leopold@gmail.com,police officer
785,Robbi,Dalli,Robbi.Dalli@yopmail.com,Robbi.Dalli@gmail.com,developer
786,Blinni,Burch,Blinni.Burch@yopmail.com,Blinni.Burch@gmail.com,police officer
787,Kittie,Hertzfeld,Kittie.Hertzfeld@yopmail.com,Kittie.Hertzfeld@gmail.com,doctor
788,Gerianna,Frodi,Gerianna.Frodi@yopmail.com,Gerianna.Frodi@gmail.com,doctor
789,Dari,Velick,Dari.Velick@yopmail.com,Dari.Velick@gmail.com,firefighter
790,Amii,Whiffen,Amii.Whiffen@yopmail.com,Amii.Whiffen@gmail.com,developer
791,Cassondra,Fabiola,Cassondra.Fabiola@yopmail.com,Cassondra.Fabiola@gmail.com,police officer
792,Dawn,Lumbard,Dawn.Lumbard@yopmail.com,Dawn.Lumbard@gmail.com,firefighter
793,Mara,Alwin,Mara.Alwin@yopmail.com,Mara.Alwin@gmail.com,doctor
794,Jany,Peonir,Jany.Peonir@yopmail.com,Jany.Peonir@gmail.com,firefighter
795,Winny,Cavan,Winny.Cavan@yopmail.com,Winny.Cavan@gmail.com,police officer
796,Penelopa,Salchunas,Penelopa.Salchunas@yopmail.com,Penelopa.Salchunas@gmail.com,developer
797,Minne,Freddi,Minne.Freddi@yopmail.com,Minne.Freddi@gmail.com,firefighter
798,Bernardine,Tengdin,Bernardine.Tengdin@yopmail.com,Bernardine.Tengdin@gmail.com,developer
799,Tilly,Philipp,Tilly.Philipp@yopmail.com,Tilly.Philipp@gmail.com,developer
800,Celene,Janene,Celene.Janene@yopmail.com,Celene.Janene@gmail.com,firefighter
801,Wileen,Taima,Wileen.Taima@yopmail.com,Wileen.Taima@gmail.com,police officer
802,Merci,Greenwald,Merci.Greenwald@yopmail.com,Merci.Greenwald@gmail.com,worker
803,Veda,Travax,Veda.Travax@yopmail.com,Veda.Travax@gmail.com,developer
804,Mellicent,Raul,Mellicent.Raul@yopmail.com,Mellicent.Raul@gmail.com,worker
805,Deane,Genna,Deane.Genna@yopmail.com,Deane.Genna@gmail.com,doctor
806,Lynde,Gavrila,Lynde.Gavrila@yopmail.com,Lynde.Gavrila@gmail.com,firefighter
807,Vanessa,Harriman,Vanessa.Harriman@yopmail.com,Vanessa.Harriman@gmail.com,doctor
808,Cathie,Tayib,Cathie.Tayib@yopmail.com,Cathie.Tayib@gmail.com,worker
809,Priscilla,Jobi,Priscilla.Jobi@yopmail.com,Priscilla.Jobi@gmail.com,doctor
810,Carree,Daveta,Carree.Daveta@yopmail.com,Carree.Daveta@gmail.com,firefighter
811,Hermione,Armanda,Hermione.Armanda@yopmail.com,Hermione.Armanda@gmail.com,police officer
812,Eve,Kenwood,Eve.Kenwood@yopmail.com,Eve.Kenwood@gmail.com,worker
813,Aubrie,Sherrie,Aubrie.Sherrie@yopmail.com,Aubrie.Sherrie@gmail.com,firefighter
814,Sharlene,Donell,Sharlene.Donell@yopmail.com,Sharlene.Donell@gmail.com,firefighter
815,Charissa,Anselmi,Charissa.Anselmi@yopmail.com,Charissa.Anselmi@gmail.com,firefighter
816,Karena,Noam,Karena.Noam@yopmail.com,Karena.Noam@gmail.com,doctor
817,Nananne,Vastah,Nananne.Vastah@yopmail.com,Nananne.Vastah@gmail.com,police officer
818,Ernesta,Newell,Ernesta.Newell@yopmail.com,Ernesta.Newell@gmail.com,worker
819,Rebeca,Medrek,Rebeca.Medrek@yopmail.com,Rebeca.Medrek@gmail.com,developer
820,Josephine,Lea,Josephine.Lea@yopmail.com,Josephine.Lea@gmail.com,developer
821,Dania,Dimitris,Dania.Dimitris@yopmail.com,Dania.Dimitris@gmail.com,developer
822,Stephanie,Grayce,Stephanie.Grayce@yopmail.com,Stephanie.Grayce@gmail.com,developer
823,Linet,Lattie,Linet.Lattie@yopmail.com,Linet.Lattie@gmail.com,developer
824,Nataline,Sigfrid,Nataline.Sigfrid@yopmail.com,Nataline.Sigfrid@gmail.com,worker
825,Kylynn,Nester,Kylynn.Nester@yopmail.com,Kylynn.Nester@gmail.com,worker
826,Mariann,Sikorski,Mariann.Sikorski@yopmail.com,Mariann.Sikorski@gmail.com,worker
827,Coral,Phyllis,Coral.Phyllis@yopmail.com,Coral.Phyllis@gmail.com,developer
828,Doralynne,Longfellow,Doralynne.Longfellow@yopmail.com,Doralynne.Longfellow@gmail.com,worker
829,Tierney,Geffner,Tierney.Geffner@yopmail.com,Tierney.Geffner@gmail.com,developer
830,Chickie,Erminia,Chickie.Erminia@yopmail.com,Chickie.Erminia@gmail.com,police officer
831,Liana,Kevon,Liana.Kevon@yopmail.com,Liana.Kevon@gmail.com,firefighter
832,Veda,Sprage,Veda.Sprage@yopmail.com,Veda.Sprage@gmail.com,worker
833,Ashlee,Rossner,Ashlee.Rossner@yopmail.com,Ashlee.Rossner@gmail.com,police officer
834,Nonnah,Sophronia,Nonnah.Sophronia@yopmail.com,Nonnah.Sophronia@gmail.com,firefighter
835,Theodora,Christine,Theodora.Christine@yopmail.com,Theodora.Christine@gmail.com,developer
836,Raf,Kazimir,Raf.Kazimir@yopmail.com,Raf.Kazimir@gmail.com,firefighter
837,Amalie,Bevin,Amalie.Bevin@yopmail.com,Amalie.Bevin@gmail.com,developer
838,Marguerite,Matthew,Marguerite.Matthew@yopmail.com,Marguerite.Matthew@gmail.com,firefighter
839,Ilse,O'Rourke,Ilse.O'Rourke@yopmail.com,Ilse.O'Rourke@gmail.com,doctor
840,Selia,Martguerita,Selia.Martguerita@yopmail.com,Selia.Martguerita@gmail.com,firefighter
841,Kenna,Markman,Kenna.Markman@yopmail.com,Kenna.Markman@gmail.com,worker
842,Chastity,Publia,Chastity.Publia@yopmail.com,Chastity.Publia@gmail.com,police officer
843,Isa,Girardo,Isa.Girardo@yopmail.com,Isa.Girardo@gmail.com,police officer
844,Delilah,Prober,Delilah.Prober@yopmail.com,Delilah.Prober@gmail.com,doctor
845,Fidelia,Sherrie,Fidelia.Sherrie@yopmail.com,Fidelia.Sherrie@gmail.com,worker
846,Agnese,Loring,Agnese.Loring@yopmail.com,Agnese.Loring@gmail.com,doctor
847,Morganica,Horan,Morganica.Horan@yopmail.com,Morganica.Horan@gmail.com,doctor
848,Inga,Knowling,Inga.Knowling@yopmail.com,Inga.Knowling@gmail.com,developer
849,Nita,Percy,Nita.Percy@yopmail.com,Nita.Percy@gmail.com,firefighter
850,Julieta,Lacombe,Julieta.Lacombe@yopmail.com,Julieta.Lacombe@gmail.com,firefighter
851,Myriam,McLaughlin,Myriam.McLaughlin@yopmail.com,Myriam.McLaughlin@gmail.com,firefighter
852,Fredericka,Gaal,Fredericka.Gaal@yopmail.com,Fredericka.Gaal@gmail.com,doctor
853,Gloria,Gualtiero,Gloria.Gualtiero@yopmail.com,Gloria.Gualtiero@gmail.com,firefighter
854,Candy,Roumell,Candy.Roumell@yopmail.com,Candy.Roumell@gmail.com,firefighter
855,Tobe,Pulsifer,Tobe.Pulsifer@yopmail.com,Tobe.Pulsifer@gmail.com,worker
856,Grier,Mintz,Grier.Mintz@yopmail.com,Grier.Mintz@gmail.com,worker
857,Kellen,Elo,Kellen.Elo@yopmail.com,Kellen.Elo@gmail.com,worker
858,Carree,Strephon,Carree.Strephon@yopmail.com,Carree.Strephon@gmail.com,doctor
859,Lita,Wesle,Lita.Wesle@yopmail.com,Lita.Wesle@gmail.com,police officer
860,Dulce,Harl,Dulce.Harl@yopmail.com,Dulce.Harl@gmail.com,firefighter
861,Magdalena,Hamil,Magdalena.Hamil@yopmail.com,Magdalena.Hamil@gmail.com,firefighter
862,Gaylene,Eno,Gaylene.Eno@yopmail.com,Gaylene.Eno@gmail.com,doctor
863,Constance,Felizio,Constance.Felizio@yopmail.com,Constance.Felizio@gmail.com,worker
864,Livvyy,Michella,Livvyy.Michella@yopmail.com,Livvyy.Michella@gmail.com,developer
865,Shauna,Nadia,Shauna.Nadia@yopmail.com,Shauna.Nadia@gmail.com,developer
866,Selia,Evvie,Selia.Evvie@yopmail.com,Selia.Evvie@gmail.com,police officer
867,Karina,Uund,Karina.Uund@yopmail.com,Karina.Uund@gmail.com,developer
868,Daryl,Uird,Daryl.Uird@yopmail.com,Daryl.Uird@gmail.com,doctor
869,Frank,Rosalba,Frank.Rosalba@yopmail.com,Frank.Rosalba@gmail.com,doctor
870,Beth,Lemuela,Beth.Lemuela@yopmail.com,Beth.Lemuela@gmail.com,doctor
871,Tilly,Nunci,Tilly.Nunci@yopmail.com,Tilly.Nunci@gmail.com,firefighter
872,Noelle,Amasa,Noelle.Amasa@yopmail.com,Noelle.Amasa@gmail.com,police officer
873,Emma,Anis,Emma.Anis@yopmail.com,Emma.Anis@gmail.com,firefighter
874,Leontine,Drus,Leontine.Drus@yopmail.com,Leontine.Drus@gmail.com,firefighter
875,Basia,Halsey,Basia.Halsey@yopmail.com,Basia.Halsey@gmail.com,developer
876,Bettine,Bashemeth,Bettine.Bashemeth@yopmail.com,Bettine.Bashemeth@gmail.com,doctor
877,Ira,Berard,Ira.Berard@yopmail.com,Ira.Berard@gmail.com,worker
878,Alyda,Thilda,Alyda.Thilda@yopmail.com,Alyda.Thilda@gmail.com,firefighter
879,Gerrie,Turne,Gerrie.Turne@yopmail.com,Gerrie.Turne@gmail.com,developer
880,June,Vastah,June.Vastah@yopmail.com,June.Vastah@gmail.com,doctor
881,Katharina,Bergman,Katharina.Bergman@yopmail.com,Katharina.Bergman@gmail.com,developer
882,Jacenta,Grayce,Jacenta.Grayce@yopmail.com,Jacenta.Grayce@gmail.com,developer
883,Vita,Iphlgenia,Vita.Iphlgenia@yopmail.com,Vita.Iphlgenia@gmail.com,doctor
884,Albertina,Adamsen,Albertina.Adamsen@yopmail.com,Albertina.Adamsen@gmail.com,worker
885,Maud,Gino,Maud.Gino@yopmail.com,Maud.Gino@gmail.com,police officer
886,Valera,Velick,Valera.Velick@yopmail.com,Valera.Velick@gmail.com,worker
887,Judy,Zrike,Judy.Zrike@yopmail.com,Judy.Zrike@gmail.com,doctor
888,Abbie,Therine,Abbie.Therine@yopmail.com,Abbie.Therine@gmail.com,worker
889,Harrietta,Prober,Harrietta.Prober@yopmail.com,Harrietta.Prober@gmail.com,worker
890,Starla,Terencio,Starla.Terencio@yopmail.com,Starla.Terencio@gmail.com,developer
891,Joelly,Silvan,Joelly.Silvan@yopmail.com,Joelly.Silvan@gmail.com,police officer
892,Angelique,Kress,Angelique.Kress@yopmail.com,Angelique.Kress@gmail.com,firefighter
893,Dianemarie,Rustice,Dianemarie.Rustice@yopmail.com,Dianemarie.Rustice@gmail.com,doctor
894,Dode,Haymes,Dode.Haymes@yopmail.com,Dode.Haymes@gmail.com,doctor
895,Grier,Dimitris,Grier.Dimitris@yopmail.com,Grier.Dimitris@gmail.com,firefighter
896,Betta,Regan,Betta.Regan@yopmail.com,Betta.Regan@gmail.com,firefighter
897,Melanie,Sinegold,Melanie.Sinegold@yopmail.com,Melanie.Sinegold@gmail.com,doctor
898,Joleen,Georas,Joleen.Georas@yopmail.com,Joleen.Georas@gmail.com,doctor
899,Gavrielle,Sprage,Gavrielle.Sprage@yopmail.com,Gavrielle.Sprage@gmail.com,firefighter
900,Henriette,Cavan,Henriette.Cavan@yopmail.com,Henriette.Cavan@gmail.com,police officer
901,Lolita,Bryna,Lolita.Bryna@yopmail.com,Lolita.Bryna@gmail.com,firefighter
902,Tersina,Percy,Tersina.Percy@yopmail.com,Tersina.Percy@gmail.com,doctor
903,Kimberley,Norvol,Kimberley.Norvol@yopmail.com,Kimberley.Norvol@gmail.com,police officer
904,Angela,Orlene,Angela.Orlene@yopmail.com,Angela.Orlene@gmail.com,police officer
905,Marinna,Jerold,Marinna.Jerold@yopmail.com,Marinna.Jerold@gmail.com,developer
906,Lauryn,Virgin,Lauryn.Virgin@yopmail.com,Lauryn.Virgin@gmail.com,firefighter
907,Chloris,Greyson,Chloris.Greyson@yopmail.com,Chloris.Greyson@gmail.com,developer
908,Marjie,Janene,Marjie.Janene@yopmail.com,Marjie.Janene@gmail.com,developer
909,Sara-Ann,Brunell,Sara-Ann.Brunell@yopmail.com,Sara-Ann.Brunell@gmail.com,police officer
910,Kayla,Delp,Kayla.Delp@yopmail.com,Kayla.Delp@gmail.com,developer
911,Joeann,Cleavland,Joeann.Cleavland@yopmail.com,Joeann.Cleavland@gmail.com,developer
912,Riannon,August,Riannon.August@yopmail.com,Riannon.August@gmail.com,doctor
913,Hallie,Sperling,Hallie.Sperling@yopmail.com,Hallie.Sperling@gmail.com,developer
914,Hermione,Rugen,Hermione.Rugen@yopmail.com,Hermione.Rugen@gmail.com,firefighter
915,Priscilla,Amasa,Priscilla.Amasa@yopmail.com,Priscilla.Amasa@gmail.com,doctor
916,Ekaterina,Creamer,Ekaterina.Creamer@yopmail.com,Ekaterina.Creamer@gmail.com,worker
917,Gisela,Trace,Gisela.Trace@yopmail.com,Gisela.Trace@gmail.com,doctor
918,Dawn,Oriana,Dawn.Oriana@yopmail.com,Dawn.Oriana@gmail.com,developer
919,Alisha,Vanni,Alisha.Vanni@yopmail.com,Alisha.Vanni@gmail.com,doctor
920,Merrie,Toor,Merrie.Toor@yopmail.com,Merrie.Toor@gmail.com,doctor
921,Hermione,Lesley,Hermione.Lesley@yopmail.com,Hermione.Lesley@gmail.com,doctor
922,Hannis,Madelene,Hannis.Madelene@yopmail.com,Hannis.Madelene@gmail.com,worker
923,Alyda,Pascia,Alyda.Pascia@yopmail.com,Alyda.Pascia@gmail.com,police officer
924,Katuscha,Creamer,Katuscha.Creamer@yopmail.com,Katuscha.Creamer@gmail.com,doctor
925,Carolina,Shaddock,Carolina.Shaddock@yopmail.com,Carolina.Shaddock@gmail.com,developer
926,Sam,Jobi,Sam.Jobi@yopmail.com,Sam.Jobi@gmail.com,developer
927,Elmira,Joeann,Elmira.Joeann@yopmail.com,Elmira.Joeann@gmail.com,firefighter
928,Laure,Cherianne,Laure.Cherianne@yopmail.com,Laure.Cherianne@gmail.com,worker
929,Molli,Rosalba,Molli.Rosalba@yopmail.com,Molli.Rosalba@gmail.com,doctor
930,Lindie,Kelula,Lindie.Kelula@yopmail.com,Lindie.Kelula@gmail.com,firefighter
931,Sibella,Bollay,Sibella.Bollay@yopmail.com,Sibella.Bollay@gmail.com,worker
932,Nessie,Fairweather,Nessie.Fairweather@yopmail.com,Nessie.Fairweather@gmail.com,police officer
933,Aryn,Libna,Aryn.Libna@yopmail.com,Aryn.Libna@gmail.com,worker
934,Glenda,Brunell,Glenda.Brunell@yopmail.com,Glenda.Brunell@gmail.com,police officer
935,Lulita,Dudley,Lulita.Dudley@yopmail.com,Lulita.Dudley@gmail.com,worker
936,Jorry,Yoko,Jorry.Yoko@yopmail.com,Jorry.Yoko@gmail.com,doctor
937,Delilah,Idelia,Delilah.Idelia@yopmail.com,Delilah.Idelia@gmail.com,doctor
938,Agathe,Stav,Agathe.Stav@yopmail.com,Agathe.Stav@gmail.com,doctor
939,Sadie,Secrest,Sadie.Secrest@yopmail.com,Sadie.Secrest@gmail.com,firefighter
940,Damaris,Millda,Damaris.Millda@yopmail.com,Damaris.Millda@gmail.com,doctor
941,Ana,Claudine,Ana.Claudine@yopmail.com,Ana.Claudine@gmail.com,doctor
942,Phylis,Philipp,Phylis.Philipp@yopmail.com,Phylis.Philipp@gmail.com,developer
943,Lanae,Raffo,Lanae.Raffo@yopmail.com,Lanae.Raffo@gmail.com,doctor
944,Chrystel,Quent,Chrystel.Quent@yopmail.com,Chrystel.Quent@gmail.com,firefighter
945,Meg,Richers,Meg.Richers@yopmail.com,Meg.Richers@gmail.com,developer
946,Shaine,Edmund,Shaine.Edmund@yopmail.com,Shaine.Edmund@gmail.com,developer
947,Dawn,Francene,Dawn.Francene@yopmail.com,Dawn.Francene@gmail.com,police officer
948,Margarette,Erminia,Margarette.Erminia@yopmail.com,Margarette.Erminia@gmail.com,doctor
949,Joleen,Muriel,Joleen.Muriel@yopmail.com,Joleen.Muriel@gmail.com,developer
950,Georgina,Neva,Georgina.Neva@yopmail.com,Georgina.Neva@gmail.com,police officer
951,Viviene,Ethban,Viviene.Ethban@yopmail.com,Viviene.Ethban@gmail.com,developer
952,Minne,Jammal,Minne.Jammal@yopmail.com,Minne.Jammal@gmail.com,doctor
953,Fred,Sherfield,Fred.Sherfield@yopmail.com,Fred.Sherfield@gmail.com,police officer
954,Orsola,Larochelle,Orsola.Larochelle@yopmail.com,Orsola.Larochelle@gmail.com,worker
955,Edee,Fadiman,Edee.Fadiman@yopmail.com,Edee.Fadiman@gmail.com,firefighter
956,Laure,Glenden,Laure.Glenden@yopmail.com,Laure.Glenden@gmail.com,doctor
957,Donnie,Johnsson,Donnie.Johnsson@yopmail.com,Donnie.Johnsson@gmail.com,police officer
958,Aimil,Erb,Aimil.Erb@yopmail.com,Aimil.Erb@gmail.com,police officer
959,Aeriela,Stevy,Aeriela.Stevy@yopmail.com,Aeriela.Stevy@gmail.com,police officer
960,Andeee,Beebe,Andeee.Beebe@yopmail.com,Andeee.Beebe@gmail.com,police officer
961,Caressa,Maribeth,Caressa.Maribeth@yopmail.com,Caressa.Maribeth@gmail.com,firefighter
962,Wileen,Rocray,Wileen.Rocray@yopmail.com,Wileen.Rocray@gmail.com,firefighter
963,Kore,Dawkins,Kore.Dawkins@yopmail.com,Kore.Dawkins@gmail.com,doctor
964,Marylou,Pitt,Marylou.Pitt@yopmail.com,Marylou.Pitt@gmail.com,doctor
965,Tabbatha,Isacco,Tabbatha.Isacco@yopmail.com,Tabbatha.Isacco@gmail.com,police officer
966,Elora,Janith,Elora.Janith@yopmail.com,Elora.Janith@gmail.com,firefighter
967,Jinny,Cristi,Jinny.Cristi@yopmail.com,Jinny.Cristi@gmail.com,worker
968,Kathi,Engdahl,Kathi.Engdahl@yopmail.com,Kathi.Engdahl@gmail.com,developer
969,Siana,Reneta,Siana.Reneta@yopmail.com,Siana.Reneta@gmail.com,firefighter
970,Hyacinthe,Fink,Hyacinthe.Fink@yopmail.com,Hyacinthe.Fink@gmail.com,worker
971,Jordan,Brotherson,Jordan.Brotherson@yopmail.com,Jordan.Brotherson@gmail.com,developer
972,Sandie,Hubert,Sandie.Hubert@yopmail.com,Sandie.Hubert@gmail.com,firefighter
973,Nikki,Joni,Nikki.Joni@yopmail.com,Nikki.Joni@gmail.com,developer
974,Pamella,Melony,Pamella.Melony@yopmail.com,Pamella.Melony@gmail.com,firefighter
975,Gusty,Wenda,Gusty.Wenda@yopmail.com,Gusty.Wenda@gmail.com,worker
976,Ellette,Clie,Ellette.Clie@yopmail.com,Ellette.Clie@gmail.com,worker
977,Tierney,Cecile,Tierney.Cecile@yopmail.com,Tierney.Cecile@gmail.com,developer
978,Chere,Seligman,Chere.Seligman@yopmail.com,Chere.Seligman@gmail.com,worker
979,Philis,Tound,Philis.Tound@yopmail.com,Philis.Tound@gmail.com,police officer
980,Ivett,Amethist,Ivett.Amethist@yopmail.com,Ivett.Amethist@gmail.com,developer
981,Lelah,Juliet,Lelah.Juliet@yopmail.com,Lelah.Juliet@gmail.com,worker
982,Tami,Dimitris,Tami.Dimitris@yopmail.com,Tami.Dimitris@gmail.com,police officer
983,Deloria,Brenn,Deloria.Brenn@yopmail.com,Deloria.Brenn@gmail.com,firefighter
984,Kore,Lipson,Kore.Lipson@yopmail.com,Kore.Lipson@gmail.com,firefighter
985,Carly,Bryna,Carly.Bryna@yopmail.com,Carly.Bryna@gmail.com,firefighter
986,Carly,Bouchard,Carly.Bouchard@yopmail.com,Carly.Bouchard@gmail.com,doctor
987,Zaria,Vorster,Zaria.Vorster@yopmail.com,Zaria.Vorster@gmail.com,developer
988,Alyssa,Mozelle,Alyssa.Mozelle@yopmail.com,Alyssa.Mozelle@gmail.com,developer
989,Nyssa,Hessler,Nyssa.Hessler@yopmail.com,Nyssa.Hessler@gmail.com,developer
990,Lynea,Othilia,Lynea.Othilia@yopmail.com,Lynea.Othilia@gmail.com,firefighter
991,Chandra,Ephrem,Chandra.Ephrem@yopmail.com,Chandra.Ephrem@gmail.com,police officer
992,Jere,Evvie,Jere.Evvie@yopmail.com,Jere.Evvie@gmail.com,police officer
993,Barbi,Poppy,Barbi.Poppy@yopmail.com,Barbi.Poppy@gmail.com,developer
994,Ermengarde,Bollay,Ermengarde.Bollay@yopmail.com,Ermengarde.Bollay@gmail.com,worker
995,Keelia,Pacorro,Keelia.Pacorro@yopmail.com,Keelia.Pacorro@gmail.com,firefighter
996,Madalyn,Cassius,Madalyn.Cassius@yopmail.com,Madalyn.Cassius@gmail.com,worker
997,Dolli,Hoban,Dolli.Hoban@yopmail.com,Dolli.Hoban@gmail.com,developer
998,Moyna,Rocray,Moyna.Rocray@yopmail.com,Moyna.Rocray@gmail.com,developer
999,Christian,Lenny,Christian.Lenny@yopmail.com,Christian.Lenny@gmail.com,doctor
1000,Charlena,Bonilla,Charlena.Bonilla@yopmail.com,Charlena.Bonilla@gmail.com,doctor
1001,Cherrita,Dreda,Cherrita.Dreda@yopmail.com,Cherrita.Dreda@gmail.com,firefighter
1002,Anallese,Tamar,Anallese.Tamar@yopmail.com,Anallese.Tamar@gmail.com,police officer
1003,Silvana,Mayeda,Silvana.Mayeda@yopmail.com,Silvana.Mayeda@gmail.com,worker
1004,Cristabel,Ralfston,Cristabel.Ralfston@yopmail.com,Cristabel.Ralfston@gmail.com,developer
1005,Aili,Fadiman,Aili.Fadiman@yopmail.com,Aili.Fadiman@gmail.com,firefighter
1006,Ottilie,Anestassia,Ottilie.Anestassia@yopmail.com,Ottilie.Anestassia@gmail.com,developer
1007,Daune,Anastatius,Daune.Anastatius@yopmail.com,Daune.Anastatius@gmail.com,doctor
1008,Regina,Kravits,Regina.Kravits@yopmail.com,Regina.Kravits@gmail.com,police officer
1009,Dyann,Nisbet,Dyann.Nisbet@yopmail.com,Dyann.Nisbet@gmail.com,firefighter
1010,Corly,Ranjiv,Corly.Ranjiv@yopmail.com,Corly.Ranjiv@gmail.com,police officer
1011,Vinita,Fry,Vinita.Fry@yopmail.com,Vinita.Fry@gmail.com,police officer
1012,Keelia,Irmine,Keelia.Irmine@yopmail.com,Keelia.Irmine@gmail.com,worker
1013,Nananne,Beniamino,Nananne.Beniamino@yopmail.com,Nananne.Beniamino@gmail.com,developer
1014,Berget,Hylan,Berget.Hylan@yopmail.com,Berget.Hylan@gmail.com,developer
1015,Angelique,Amethist,Angelique.Amethist@yopmail.com,Angelique.Amethist@gmail.com,developer
1016,Anica,Hathaway,Anica.Hathaway@yopmail.com,Anica.Hathaway@gmail.com,worker
1017,Ann-Marie,Iaverne,Ann-Marie.Iaverne@yopmail.com,Ann-Marie.Iaverne@gmail.com,developer
1018,Feliza,Lemuela,Feliza.Lemuela@yopmail.com,Feliza.Lemuela@gmail.com,doctor
1019,Cassondra,Dex,Cassondra.Dex@yopmail.com,Cassondra.Dex@gmail.com,doctor
1020,Valeda,Velick,Valeda.Velick@yopmail.com,Valeda.Velick@gmail.com,developer
1021,Cindelyn,Arathorn,Cindelyn.Arathorn@yopmail.com,Cindelyn.Arathorn@gmail.com,worker
1022,Dorene,Even,Dorene.Even@yopmail.com,Dorene.Even@gmail.com,developer
1023,Letizia,Anestassia,Letizia.Anestassia@yopmail.com,Letizia.Anestassia@gmail.com,firefighter
1024,Jillayne,Aloise,Jillayne.Aloise@yopmail.com,Jillayne.Aloise@gmail.com,police officer
1025,Tarra,Heidt,Tarra.Heidt@yopmail.com,Tarra.Heidt@gmail.com,developer
1026,Annora,Danby,Annora.Danby@yopmail.com,Annora.Danby@gmail.com,doctor
1027,Chere,Hertzfeld,Chere.Hertzfeld@yopmail.com,Chere.Hertzfeld@gmail.com,developer
1028,Meg,Pierette,Meg.Pierette@yopmail.com,Meg.Pierette@gmail.com,doctor
1029,Bettine,Monaco,Bettine.Monaco@yopmail.com,Bettine.Monaco@gmail.com,worker
1030,Modestia,Ortrude,Modestia.Ortrude@yopmail.com,Modestia.Ortrude@gmail.com,developer
1031,Harmonia,Peti,Harmonia.Peti@yopmail.com,Harmonia.Peti@gmail.com,worker
1032,Thalia,Si,Thalia.Si@yopmail.com,Thalia.Si@gmail.com,developer
1033,Paulita,Jobi,Paulita.Jobi@yopmail.com,Paulita.Jobi@gmail.com,doctor
1034,Marsiella,Ambrosia,Marsiella.Ambrosia@yopmail.com,Marsiella.Ambrosia@gmail.com,developer
1035,Kore,Anestassia,Kore.Anestassia@yopmail.com,Kore.Anestassia@gmail.com,firefighter
1036,Helena,Toor,Helena.Toor@yopmail.com,Helena.Toor@gmail.com,developer
1037,Loree,Jacinda,Loree.Jacinda@yopmail.com,Loree.Jacinda@gmail.com,firefighter
1038,Randa,Rolf,Randa.Rolf@yopmail.com,Randa.Rolf@gmail.com,doctor
1039,Mariele,Garrison,Mariele.Garrison@yopmail.com,Mariele.Garrison@gmail.com,developer
1040,Kirbee,Bendick,Kirbee.Bendick@yopmail.com,Kirbee.Bendick@gmail.com,firefighter
1041,Andeee,Ralfston,Andeee.Ralfston@yopmail.com,Andeee.Ralfston@gmail.com,developer
1042,Gianina,Orelee,Gianina.Orelee@yopmail.com,Gianina.Orelee@gmail.com,developer
1043,Andree,Gaynor,Andree.Gaynor@yopmail.com,Andree.Gaynor@gmail.com,worker
1044,Bee,Scammon,Bee.Scammon@yopmail.com,Bee.Scammon@gmail.com,developer
1045,Sabina,Shama,Sabina.Shama@yopmail.com,Sabina.Shama@gmail.com,worker
1046,Pollyanna,Kirstin,Pollyanna.Kirstin@yopmail.com,Pollyanna.Kirstin@gmail.com,police officer
1047,Basia,Llovera,Basia.Llovera@yopmail.com,Basia.Llovera@gmail.com,doctor
1048,Clementine,Rosemary,Clementine.Rosemary@yopmail.com,Clementine.Rosemary@gmail.com,doctor
1049,Chloris,Junie,Chloris.Junie@yopmail.com,Chloris.Junie@gmail.com,doctor
1050,Fernande,Medrek,Fernande.Medrek@yopmail.com,Fernande.Medrek@gmail.com,developer
1051,Natka,Alwin,Natka.Alwin@yopmail.com,Natka.Alwin@gmail.com,police officer
1052,Norine,Alwin,Norine.Alwin@yopmail.com,Norine.Alwin@gmail.com,police officer
1053,Kaia,Alarise,Kaia.Alarise@yopmail.com,Kaia.Alarise@gmail.com,police officer
1054,Sherrie,Orelee,Sherrie.Orelee@yopmail.com,Sherrie.Orelee@gmail.com,firefighter
1055,Cathyleen,Remmer,Cathyleen.Remmer@yopmail.com,Cathyleen.Remmer@gmail.com,firefighter
1056,Ira,Fax,Ira.Fax@yopmail.com,Ira.Fax@gmail.com,firefighter
1057,Dari,Toni,Dari.Toni@yopmail.com,Dari.Toni@gmail.com,developer
1058,Fidelia,Baptlsta,Fidelia.Baptlsta@yopmail.com,Fidelia.Baptlsta@gmail.com,worker
1059,Alleen,Isacco,Alleen.Isacco@yopmail.com,Alleen.Isacco@gmail.com,developer
1060,Gloria,Clywd,Gloria.Clywd@yopmail.com,Gloria.Clywd@gmail.com,doctor
1061,Farrah,Gahl,Farrah.Gahl@yopmail.com,Farrah.Gahl@gmail.com,firefighter
1062,Vanessa,Ledah,Vanessa.Ledah@yopmail.com,Vanessa.Ledah@gmail.com,firefighter
1063,Janis,Toni,Janis.Toni@yopmail.com,Janis.Toni@gmail.com,doctor
1064,Myriam,Teddman,Myriam.Teddman@yopmail.com,Myriam.Teddman@gmail.com,doctor
1065,Viki,Berne,Viki.Berne@yopmail.com,Viki.Berne@gmail.com,worker
1066,Sophia,Holbrook,Sophia.Holbrook@yopmail.com,Sophia.Holbrook@gmail.com,developer
1067,Isa,O'Rourke,Isa.O'Rourke@yopmail.com,Isa.O'Rourke@gmail.com,worker
1068,Peri,Simmonds,Peri.Simmonds@yopmail.com,Peri.Simmonds@gmail.com,developer
1069,Belinda,Iaverne,Belinda.Iaverne@yopmail.com,Belinda.Iaverne@gmail.com,police officer
1070,Esmeralda,Edison,Esmeralda.Edison@yopmail.com,Esmeralda.Edison@gmail.com,firefighter
1071,Yvonne,Virgin,Yvonne.Virgin@yopmail.com,Yvonne.Virgin@gmail.com,developer
1072,Merle,Ogren,Merle.Ogren@yopmail.com,Merle.Ogren@gmail.com,doctor
1073,Daryl,Stoller,Daryl.Stoller@yopmail.com,Daryl.Stoller@gmail.com,firefighter
1074,Janey,Oscar,Janey.Oscar@yopmail.com,Janey.Oscar@gmail.com,firefighter
1075,Margarette,Ilka,Margarette.Ilka@yopmail.com,Margarette.Ilka@gmail.com,police officer
1076,Chandra,Eben,Chandra.Eben@yopmail.com,Chandra.Eben@gmail.com,doctor
1077,Brana,Rhu,Brana.Rhu@yopmail.com,Brana.Rhu@gmail.com,firefighter
1078,Maud,Lutero,Maud.Lutero@yopmail.com,Maud.Lutero@gmail.com,firefighter
1079,Dagmar,Gino,Dagmar.Gino@yopmail.com,Dagmar.Gino@gmail.com,developer
1080,Codie,Andrel,Codie.Andrel@yopmail.com,Codie.Andrel@gmail.com,police officer
1081,Elie,Schonfeld,Elie.Schonfeld@yopmail.com,Elie.Schonfeld@gmail.com,doctor
1082,Arabel,Esmaria,Arabel.Esmaria@yopmail.com,Arabel.Esmaria@gmail.com,firefighter
1083,Elsie,Fink,Elsie.Fink@yopmail.com,Elsie.Fink@gmail.com,developer
1084,Marti,Ovid,Marti.Ovid@yopmail.com,Marti.Ovid@gmail.com,police officer
1085,Elfreda,Karl,Elfreda.Karl@yopmail.com,Elfreda.Karl@gmail.com,worker
1086,Orsola,Joni,Orsola.Joni@yopmail.com,Orsola.Joni@gmail.com,developer
1087,Lolita,Suzetta,Lolita.Suzetta@yopmail.com,Lolita.Suzetta@gmail.com,firefighter
1088,Hildegaard,Firmin,Hildegaard.Firmin@yopmail.com,Hildegaard.Firmin@gmail.com,police officer
1089,Nariko,Dex,Nariko.Dex@yopmail.com,Nariko.Dex@gmail.com,firefighter
1090,Celene,Skurnik,Celene.Skurnik@yopmail.com,Celene.Skurnik@gmail.com,police officer
1091,Helsa,Johanna,Helsa.Johanna@yopmail.com,Helsa.Johanna@gmail.com,firefighter
1092,Lauryn,Abernon,Lauryn.Abernon@yopmail.com,Lauryn.Abernon@gmail.com,firefighter
1093,Marti,Hewitt,Marti.Hewitt@yopmail.com,Marti.Hewitt@gmail.com,firefighter
1094,Leeanne,Dielu,Leeanne.Dielu@yopmail.com,Leeanne.Dielu@gmail.com,firefighter
1095,Jacenta,Jorgan,Jacenta.Jorgan@yopmail.com,Jacenta.Jorgan@gmail.com,police officer
1096,Nariko,Kimmie,Nariko.Kimmie@yopmail.com,Nariko.Kimmie@gmail.com,firefighter
1097,Sabina,Estella,Sabina.Estella@yopmail.com,Sabina.Estella@gmail.com,doctor
1098,Madelle,Geffner,Madelle.Geffner@yopmail.com,Madelle.Geffner@gmail.com,developer
1099,Margalo,Izaak,Margalo.Izaak@yopmail.com,Margalo.Izaak@gmail.com,worker